tdd,rssi,snr,cfo_hz,bcnbits,time_ms,source_line,text,index,offset_hz,bcnbits_error,segment,cfo_bcnbits_relation,distance_to_a_median_hz,distance_to_b_median_hz
3,-89,5,1465,0,35745920,44,"[09:55:45.920]收←◆RX_TDD:3,-89,5,1465,0",,,0,sample:1,consistent_with_observed_groups,0.0,3297.0
6,-92,7,1465,0,35746971,54,"[09:55:46.971]收←◆RX_TDD:6,-92,7,1465,0",,,0,sample:1,consistent_with_observed_groups,0.0,3297.0
8,-92,7,-1954,1,35747670,59,"[09:55:47.670]收←◆RX_TDD:8,-92,7,-1954,1",,,0,sample:1,consistent_with_observed_groups,3419.0,122.0
9,-96,6,-1954,1,35748021,65,"[09:55:48.021]收←◆RX_TDD:9,-96,6,-1954,1",,,0,sample:1,consistent_with_observed_groups,3419.0,122.0
10,-90,8,1465,0,35748372,67,"[09:55:48.372]收←◆RX_TDD:10,-90,8,1465,0",,,0,sample:1,consistent_with_observed_groups,0.0,3297.0
1,-89,5,1465,0,35748721,69,"[09:55:48.721]收←◆RX_TDD:1,-89,5,1465,0",,,0,sample:1,consistent_with_observed_groups,0.0,3297.0
2,-89,12,-1954,1,35749071,71,"[09:55:49.071]收←◆RX_TDD:2,-89,12,-1954,1",,,0,sample:1,consistent_with_observed_groups,3419.0,122.0
3,-90,7,-1954,1,35749420,73,"[09:55:49.420]收←◆RX_TDD:3,-90,7,-1954,1",,,0,sample:1,consistent_with_observed_groups,3419.0,122.0
4,-92,9,1465,0,35749771,75,"[09:55:49.771]收←◆RX_TDD:4,-92,9,1465,0",,,0,sample:1,consistent_with_observed_groups,0.0,3297.0
5,-93,10,-1954,1,35750121,77,"[09:55:50.121]收←◆RX_TDD:5,-93,10,-1954,1",,,0,sample:1,consistent_with_observed_groups,3419.0,122.0
6,-92,8,-1954,1,35750471,79,"[09:55:50.471]收←◆RX_TDD:6,-92,8,-1954,1",,,0,sample:1,consistent_with_observed_groups,3419.0,122.0
7,-96,8,-1954,1,35750821,81,"[09:55:50.821]收←◆RX_TDD:7,-96,8,-1954,1",,,0,sample:1,consistent_with_observed_groups,3419.0,122.0
8,-89,8,1465,0,35751171,83,"[09:55:51.171]收←◆RX_TDD:8,-89,8,1465,0",,,0,sample:1,consistent_with_observed_groups,0.0,3297.0
9,-89,5,1465,0,35751521,85,"[09:55:51.521]收←◆RX_TDD:9,-89,5,1465,0",,,0,sample:1,consistent_with_observed_groups,0.0,3297.0
10,-89,16,-1954,1,35751871,87,"[09:55:51.871]收←◆RX_TDD:10,-89,16,-1954,1",,,0,sample:1,consistent_with_observed_groups,3419.0,122.0
1,-90,7,-1954,1,35752221,89,"[09:55:52.221]收←◆RX_TDD:1,-90,7,-1954,1",,,0,sample:1,consistent_with_observed_groups,3419.0,122.0
2,-93,8,1465,0,35752570,91,"[09:55:52.570]收←◆RX_TDD:2,-93,8,1465,0",,,0,sample:1,consistent_with_observed_groups,0.0,3297.0
3,-94,12,-1954,1,35752921,93,"[09:55:52.921]收←◆RX_TDD:3,-94,12,-1954,1",,,0,sample:1,consistent_with_observed_groups,3419.0,122.0
4,-92,9,-1954,1,35753270,95,"[09:55:53.270]收←◆RX_TDD:4,-92,9,-1954,1",,,0,sample:1,consistent_with_observed_groups,3419.0,122.0
5,-95,7,-1954,1,35753621,97,"[09:55:53.621]收←◆RX_TDD:5,-95,7,-1954,1",,,0,sample:1,consistent_with_observed_groups,3419.0,122.0
6,-89,7,1465,0,35753971,99,"[09:55:53.971]收←◆RX_TDD:6,-89,7,1465,0",,,0,sample:1,consistent_with_observed_groups,0.0,3297.0
7,-88,3,1465,0,35754320,101,"[09:55:54.320]收←◆RX_TDD:7,-88,3,1465,0",,,0,sample:1,consistent_with_observed_groups,0.0,3297.0
8,-88,15,-1954,1,35754670,103,"[09:55:54.670]收←◆RX_TDD:8,-88,15,-1954,1",,,0,sample:1,consistent_with_observed_groups,3419.0,122.0
9,-91,7,-1954,1,35755021,105,"[09:55:55.021]收←◆RX_TDD:9,-91,7,-1954,1",,,0,sample:1,consistent_with_observed_groups,3419.0,122.0
10,-92,8,1465,0,35755370,107,"[09:55:55.370]收←◆RX_TDD:10,-92,8,1465,0",,,0,sample:1,consistent_with_observed_groups,0.0,3297.0
1,-94,9,-1954,1,35755721,109,"[09:55:55.721]收←◆RX_TDD:1,-94,9,-1954,1",,,0,sample:1,consistent_with_observed_groups,3419.0,122.0
2,-91,9,-1954,1,35756070,111,"[09:55:56.070]收←◆RX_TDD:2,-91,9,-1954,1",,,0,sample:1,consistent_with_observed_groups,3419.0,122.0
3,-95,8,-1954,1,35756421,117,"[09:55:56.421]收←◆RX_TDD:3,-95,8,-1954,1",,,0,sample:1,consistent_with_observed_groups,3419.0,122.0
4,-89,8,1465,0,35756770,119,"[09:55:56.770]收←◆RX_TDD:4,-89,8,1465,0",,,0,sample:1,consistent_with_observed_groups,0.0,3297.0
5,-90,5,1465,0,35757120,123,"[09:55:57.120]收←◆RX_TDD:5,-90,5,1465,0",,,0,sample:1,consistent_with_observed_groups,0.0,3297.0
8,-93,8,1465,0,35758171,127,"[09:55:58.171]收←◆RX_TDD:8,-93,8,1465,0",,,0,sample:1,consistent_with_observed_groups,0.0,3297.0
10,-91,9,-1954,1,35758871,133,"[09:55:58.871]收←◆RX_TDD:10,-91,9,-1954,1",,,0,sample:1,consistent_with_observed_groups,3419.0,122.0
1,-94,7,-1954,1,35759220,135,"[09:55:59.220]收←◆RX_TDD:1,-94,7,-1954,1",,,0,sample:1,consistent_with_observed_groups,3419.0,122.0
2,-89,8,1465,0,35759570,137,"[09:55:59.570]收←◆RX_TDD:2,-89,8,1465,0",,,0,sample:1,consistent_with_observed_groups,0.0,3297.0
3,-89,6,1465,0,35759921,139,"[09:55:59.921]收←◆RX_TDD:3,-89,6,1465,0",,,0,sample:1,consistent_with_observed_groups,0.0,3297.0
4,-89,15,-1954,1,35760270,141,"[09:56:00.270]收←◆RX_TDD:4,-89,15,-1954,1",,,0,sample:1,consistent_with_observed_groups,3419.0,122.0
5,-89,7,-1954,1,35760621,143,"[09:56:00.621]收←◆RX_TDD:5,-89,7,-1954,1",,,0,sample:1,consistent_with_observed_groups,3419.0,122.0
6,-93,7,1465,0,35760971,145,"[09:56:00.971]收←◆RX_TDD:6,-93,7,1465,0",,,0,sample:1,consistent_with_observed_groups,0.0,3297.0
7,-93,11,-1954,1,35761321,147,"[09:56:01.321]收←◆RX_TDD:7,-93,11,-1954,1",,,0,sample:1,consistent_with_observed_groups,3419.0,122.0
8,-91,9,-1954,1,35761671,149,"[09:56:01.671]收←◆RX_TDD:8,-91,9,-1954,1",,,0,sample:1,consistent_with_observed_groups,3419.0,122.0
9,-95,7,-1954,1,35762020,155,"[09:56:02.020]收←◆RX_TDD:9,-95,7,-1954,1",,,0,sample:1,consistent_with_observed_groups,3419.0,122.0
10,-89,7,1465,0,35762370,157,"[09:56:02.370]收←◆RX_TDD:10,-89,7,1465,0",,,0,sample:1,consistent_with_observed_groups,0.0,3297.0
1,-89,4,1465,0,35762720,159,"[09:56:02.720]收←◆RX_TDD:1,-89,4,1465,0",,,0,sample:1,consistent_with_observed_groups,0.0,3297.0
2,-88,16,-1954,1,35763070,161,"[09:56:03.070]收←◆RX_TDD:2,-88,16,-1954,1",,,0,sample:1,consistent_with_observed_groups,3419.0,122.0
3,-91,7,-1954,1,35763420,163,"[09:56:03.420]收←◆RX_TDD:3,-91,7,-1954,1",,,0,sample:1,consistent_with_observed_groups,3419.0,122.0
4,-93,9,1465,0,35763771,165,"[09:56:03.771]收←◆RX_TDD:4,-93,9,1465,0",,,0,sample:1,consistent_with_observed_groups,0.0,3297.0
5,-94,10,-1954,1,35764121,169,"[09:56:04.121]收←◆RX_TDD:5,-94,10,-1954,1",,,0,sample:1,consistent_with_observed_groups,3419.0,122.0
6,-91,9,-1954,1,35764470,173,"[09:56:04.470]收←◆RX_TDD:6,-91,9,-1954,1",,,0,sample:1,consistent_with_observed_groups,3419.0,122.0
7,-94,5,-1954,1,35764821,175,"[09:56:04.821]收←◆RX_TDD:7,-94,5,-1954,1",,,0,sample:1,consistent_with_observed_groups,3419.0,122.0
10,-89,15,-1954,1,35765871,181,"[09:56:05.871]收←◆RX_TDD:10,-89,15,-1954,1",,,0,sample:1,consistent_with_observed_groups,3419.0,122.0
1,-91,6,-1954,1,35766221,183,"[09:56:06.221]收←◆RX_TDD:1,-91,6,-1954,1",,,0,sample:1,consistent_with_observed_groups,3419.0,122.0
2,-92,8,1465,0,35766571,185,"[09:56:06.571]收←◆RX_TDD:2,-92,8,1465,0",,,0,sample:1,consistent_with_observed_groups,0.0,3297.0
3,-94,10,-1832,1,35766921,187,"[09:56:06.921]收←◆RX_TDD:3,-94,10,-1832,1",,,0,sample:1,consistent_with_observed_groups,3297.0,0.0
4,-91,8,-1954,1,35767271,189,"[09:56:07.271]收←◆RX_TDD:4,-91,8,-1954,1",,,0,sample:1,consistent_with_observed_groups,3419.0,122.0
5,-95,7,-1954,1,35767621,191,"[09:56:07.621]收←◆RX_TDD:5,-95,7,-1954,1",,,0,sample:1,consistent_with_observed_groups,3419.0,122.0
6,-89,8,1465,0,35767970,193,"[09:56:07.970]收←◆RX_TDD:6,-89,8,1465,0",,,0,sample:1,consistent_with_observed_groups,0.0,3297.0
7,-89,5,1465,0,35768321,195,"[09:56:08.321]收←◆RX_TDD:7,-89,5,1465,0",,,0,sample:1,consistent_with_observed_groups,0.0,3297.0
8,-88,14,-1954,1,35768670,197,"[09:56:08.670]收←◆RX_TDD:8,-88,14,-1954,1",,,0,sample:1,consistent_with_observed_groups,3419.0,122.0
9,-90,8,-1832,1,35769020,199,"[09:56:09.020]收←◆RX_TDD:9,-90,8,-1832,1",,,0,sample:1,consistent_with_observed_groups,3297.0,0.0
10,-92,8,1465,0,35769370,201,"[09:56:09.370]收←◆RX_TDD:10,-92,8,1465,0",,,0,sample:1,consistent_with_observed_groups,0.0,3297.0
1,-94,12,-1954,1,35769721,203,"[09:56:09.721]收←◆RX_TDD:1,-94,12,-1954,1",,,0,sample:1,consistent_with_observed_groups,3419.0,122.0
2,-91,8,-1954,1,35770070,209,"[09:56:10.070]收←◆RX_TDD:2,-91,8,-1954,1",,,0,sample:1,consistent_with_observed_groups,3419.0,122.0
3,-95,7,-1832,1,35770420,211,"[09:56:10.420]收←◆RX_TDD:3,-95,7,-1832,1",,,0,sample:1,consistent_with_observed_groups,3297.0,0.0
4,-90,8,1465,0,35770770,213,"[09:56:10.770]收←◆RX_TDD:4,-90,8,1465,0",,,0,sample:1,consistent_with_observed_groups,0.0,3297.0
5,-90,5,1465,0,35771120,217,"[09:56:11.120]收←◆RX_TDD:5,-90,5,1465,0",,,0,sample:1,consistent_with_observed_groups,0.0,3297.0
8,-91,9,1465,0,35772170,221,"[09:56:12.170]收←◆RX_TDD:8,-91,9,1465,0",,,0,sample:1,consistent_with_observed_groups,0.0,3297.0
9,-93,11,-1832,1,35772521,227,"[09:56:12.521]收←◆RX_TDD:9,-93,11,-1832,1",,,0,sample:1,consistent_with_observed_groups,3297.0,0.0
10,-91,9,-1832,1,35772870,229,"[09:56:12.870]收←◆RX_TDD:10,-91,9,-1832,1",,,0,sample:1,consistent_with_observed_groups,3297.0,0.0
1,-95,8,-1954,1,35773220,231,"[09:56:13.220]收←◆RX_TDD:1,-95,8,-1954,1",,,0,sample:1,consistent_with_observed_groups,3419.0,122.0
2,-89,7,1465,0,35773570,233,"[09:56:13.570]收←◆RX_TDD:2,-89,7,1465,0",,,0,sample:1,consistent_with_observed_groups,0.0,3297.0
3,-90,4,1465,0,35773920,235,"[09:56:13.920]收←◆RX_TDD:3,-90,4,1465,0",,,0,sample:1,consistent_with_observed_groups,0.0,3297.0
4,-89,13,-1832,1,35774270,237,"[09:56:14.270]收←◆RX_TDD:4,-89,13,-1832,1",,,0,sample:1,consistent_with_observed_groups,3297.0,0.0
5,-90,8,-1832,1,35774620,243,"[09:56:14.620]收←◆RX_TDD:5,-90,8,-1832,1",,,0,sample:1,consistent_with_observed_groups,3297.0,0.0
6,-92,10,1465,0,35774971,248,"[09:56:14.971]收←◆RX_TDD:6,-92,10,1465,0",,,0,sample:1,consistent_with_observed_groups,0.0,3297.0
10,-90,7,1465,0,35776371,254,"[09:56:16.371]收←◆RX_TDD:10,-90,7,1465,0",,,0,sample:1,consistent_with_observed_groups,0.0,3297.0
2,-89,14,-1832,1,35777070,256,"[09:56:17.070]收←◆RX_TDD:2,-89,14,-1832,1",,,0,sample:1,consistent_with_observed_groups,3297.0,0.0
3,-91,6,-1832,1,35777420,258,"[09:56:17.420]收←◆RX_TDD:3,-91,6,-1832,1",,,0,sample:1,consistent_with_observed_groups,3297.0,0.0
4,-91,11,1465,0,35777770,260,"[09:56:17.770]收←◆RX_TDD:4,-91,11,1465,0",,,0,sample:1,consistent_with_observed_groups,0.0,3297.0
5,-94,12,-1832,1,35778120,262,"[09:56:18.120]收←◆RX_TDD:5,-94,12,-1832,1",,,0,sample:1,consistent_with_observed_groups,3297.0,0.0
6,-92,9,-1832,1,35778471,264,"[09:56:18.471]收←◆RX_TDD:6,-92,9,-1832,1",,,0,sample:1,consistent_with_observed_groups,3297.0,0.0
7,-95,7,-1832,1,35778820,266,"[09:56:18.820]收←◆RX_TDD:7,-95,7,-1832,1",,,0,sample:1,consistent_with_observed_groups,3297.0,0.0
8,-90,7,1465,0,35779170,272,"[09:56:19.170]收←◆RX_TDD:8,-90,7,1465,0",,,0,sample:1,consistent_with_observed_groups,0.0,3297.0
9,-90,6,1465,0,35779520,274,"[09:56:19.520]收←◆RX_TDD:9,-90,6,1465,0",,,0,sample:1,consistent_with_observed_groups,0.0,3297.0
10,-88,14,-1832,1,35779870,276,"[09:56:19.870]收←◆RX_TDD:10,-88,14,-1832,1",,,0,sample:1,consistent_with_observed_groups,3297.0,0.0
1,-90,8,-1832,1,35780220,278,"[09:56:20.220]收←◆RX_TDD:1,-90,8,-1832,1",,,0,sample:1,consistent_with_observed_groups,3297.0,0.0
2,-92,9,1465,0,35780569,280,"[09:56:20.569]收←◆RX_TDD:2,-92,9,1465,0",,,0,sample:1,consistent_with_observed_groups,0.0,3297.0
3,-94,10,-1832,1,35780921,282,"[09:56:20.921]收←◆RX_TDD:3,-94,10,-1832,1",,,0,sample:1,consistent_with_observed_groups,3297.0,0.0
4,-92,9,-1832,1,35781270,284,"[09:56:21.270]收←◆RX_TDD:4,-92,9,-1832,1",,,0,sample:1,consistent_with_observed_groups,3297.0,0.0
5,-94,6,-1832,1,35781620,288,"[09:56:21.620]收←◆RX_TDD:5,-94,6,-1832,1",,,0,sample:1,consistent_with_observed_groups,3297.0,0.0
8,-89,14,-1832,1,35782670,292,"[09:56:22.670]收←◆RX_TDD:8,-89,14,-1832,1",,,0,sample:1,consistent_with_observed_groups,3297.0,0.0
9,-90,5,-1832,1,35783020,294,"[09:56:23.020]收←◆RX_TDD:9,-90,5,-1832,1",,,0,sample:1,consistent_with_observed_groups,3297.0,0.0
10,-91,8,1465,0,35783371,300,"[09:56:23.371]收←◆RX_TDD:10,-91,8,1465,0",,,0,sample:1,consistent_with_observed_groups,0.0,3297.0
1,-94,11,-1832,1,35783720,302,"[09:56:23.720]收←◆RX_TDD:1,-94,11,-1832,1",,,0,sample:1,consistent_with_observed_groups,3297.0,0.0
2,-92,10,-1832,1,35784070,304,"[09:56:24.070]收←◆RX_TDD:2,-92,10,-1832,1",,,0,sample:1,consistent_with_observed_groups,3297.0,0.0
3,-95,9,-1832,1,35784420,306,"[09:56:24.420]收←◆RX_TDD:3,-95,9,-1832,1",,,0,sample:1,consistent_with_observed_groups,3297.0,0.0
4,-89,6,1465,0,35784771,308,"[09:56:24.771]收←◆RX_TDD:4,-89,6,1465,0",,,0,sample:1,consistent_with_observed_groups,0.0,3297.0
5,-90,5,1465,0,35785120,310,"[09:56:25.120]收←◆RX_TDD:5,-90,5,1465,0",,,0,sample:1,consistent_with_observed_groups,0.0,3297.0
6,-88,12,-1832,1,35785470,312,"[09:56:25.470]收←◆RX_TDD:6,-88,12,-1832,1",,,0,sample:1,consistent_with_observed_groups,3297.0,0.0
7,-90,6,-1832,1,35785819,314,"[09:56:25.819]收←◆RX_TDD:7,-90,6,-1832,1",,,0,sample:1,consistent_with_observed_groups,3297.0,0.0
8,-92,10,1465,0,35786170,320,"[09:56:26.170]收←◆RX_TDD:8,-92,10,1465,0",,,0,sample:1,consistent_with_observed_groups,0.0,3297.0
9,-95,11,-1832,1,35786519,322,"[09:56:26.519]收←◆RX_TDD:9,-95,11,-1832,1",,,0,sample:1,consistent_with_observed_groups,3297.0,0.0
10,-93,7,-1832,1,35786870,324,"[09:56:26.870]收←◆RX_TDD:10,-93,7,-1832,1",,,0,sample:1,consistent_with_observed_groups,3297.0,0.0
1,-94,8,-1832,1,35787220,326,"[09:56:27.220]收←◆RX_TDD:1,-94,8,-1832,1",,,0,sample:1,consistent_with_observed_groups,3297.0,0.0
2,-90,6,1465,0,35787570,328,"[09:56:27.570]收←◆RX_TDD:2,-90,6,1465,0",,,0,sample:1,consistent_with_observed_groups,0.0,3297.0
3,-90,5,1465,0,35787920,330,"[09:56:27.920]收←◆RX_TDD:3,-90,5,1465,0",,,0,sample:1,consistent_with_observed_groups,0.0,3297.0
4,-88,14,-1832,1,35788270,332,"[09:56:28.270]收←◆RX_TDD:4,-88,14,-1832,1",,,0,sample:1,consistent_with_observed_groups,3297.0,0.0
5,-91,7,-1832,1,35788620,336,"[09:56:28.620]收←◆RX_TDD:5,-91,7,-1832,1",,,0,sample:1,consistent_with_observed_groups,3297.0,0.0
7,-94,10,-1832,1,35789320,340,"[09:56:29.320]收←◆RX_TDD:7,-94,10,-1832,1",,,0,sample:1,consistent_with_observed_groups,3297.0,0.0
8,-93,10,-1832,1,35789670,342,"[09:56:29.670]收←◆RX_TDD:8,-93,10,-1832,1",,,0,sample:1,consistent_with_observed_groups,3297.0,0.0
9,-94,5,-1832,1,35790020,344,"[09:56:30.020]收←◆RX_TDD:9,-94,5,-1832,1",,,0,sample:1,consistent_with_observed_groups,3297.0,0.0
10,-89,7,1465,0,35790370,350,"[09:56:30.370]收←◆RX_TDD:10,-89,7,1465,0",,,0,sample:1,consistent_with_observed_groups,0.0,3297.0
2,-89,13,-1832,1,35791070,352,"[09:56:31.070]收←◆RX_TDD:2,-89,13,-1832,1",,,0,sample:1,consistent_with_observed_groups,3297.0,0.0
3,-91,6,-1832,1,35791420,354,"[09:56:31.420]收←◆RX_TDD:3,-91,6,-1832,1",,,0,sample:1,consistent_with_observed_groups,3297.0,0.0
4,-91,10,1465,0,35791770,356,"[09:56:31.770]收←◆RX_TDD:4,-91,10,1465,0",,,0,sample:1,consistent_with_observed_groups,0.0,3297.0
5,-94,9,-1832,1,35792120,358,"[09:56:32.120]收←◆RX_TDD:5,-94,9,-1832,1",,,0,sample:1,consistent_with_observed_groups,3297.0,0.0
6,-91,6,-1832,1,35792469,360,"[09:56:32.469]收←◆RX_TDD:6,-91,6,-1832,1",,,0,sample:1,consistent_with_observed_groups,3297.0,0.0
7,-95,11,-1832,1,35792820,366,"[09:56:32.820]收←◆RX_TDD:7,-95,11,-1832,1",,,0,sample:1,consistent_with_observed_groups,3297.0,0.0
8,-90,9,1465,0,35793170,368,"[09:56:33.170]收←◆RX_TDD:8,-90,9,1465,0",,,0,sample:1,consistent_with_observed_groups,0.0,3297.0
9,-89,4,1465,0,35793519,370,"[09:56:33.519]收←◆RX_TDD:9,-89,4,1465,0",,,0,sample:1,consistent_with_observed_groups,0.0,3297.0
10,-89,12,-1832,1,35793870,372,"[09:56:33.870]收←◆RX_TDD:10,-89,12,-1832,1",,,0,sample:1,consistent_with_observed_groups,3297.0,0.0
1,-90,7,-1832,1,35794220,374,"[09:56:34.220]收←◆RX_TDD:1,-90,7,-1832,1",,,0,sample:1,consistent_with_observed_groups,3297.0,0.0
2,-92,7,1465,0,35794570,376,"[09:56:34.570]收←◆RX_TDD:2,-92,7,1465,0",,,0,sample:1,consistent_with_observed_groups,0.0,3297.0
3,-94,11,-1832,1,35794921,378,"[09:56:34.921]收←◆RX_TDD:3,-94,11,-1832,1",,,0,sample:1,consistent_with_observed_groups,3297.0,0.0
4,-92,11,-1832,1,35795271,380,"[09:56:35.271]收←◆RX_TDD:4,-92,11,-1832,1",,,0,sample:1,consistent_with_observed_groups,3297.0,0.0
5,-94,6,-1832,1,35795621,384,"[09:56:35.621]收←◆RX_TDD:5,-94,6,-1832,1",,,0,sample:1,consistent_with_observed_groups,3297.0,0.0
7,-89,4,-1832,1,35796320,388,"[09:56:36.320]收←◆RX_TDD:7,-89,4,-1832,1",,,0,sample:1,consistent_with_observed_groups,3297.0,0.0
8,-89,11,-1832,1,35796670,390,"[09:56:36.670]收←◆RX_TDD:8,-89,11,-1832,1",,,0,sample:1,consistent_with_observed_groups,3297.0,0.0
9,-91,8,-1832,1,35797019,392,"[09:56:37.019]收←◆RX_TDD:9,-91,8,-1832,1",,,0,sample:1,consistent_with_observed_groups,3297.0,0.0
10,-92,9,1465,0,35797370,398,"[09:56:37.370]收←◆RX_TDD:10,-92,9,1465,0",,,0,sample:1,consistent_with_observed_groups,0.0,3297.0
1,-94,11,-1832,1,35797719,400,"[09:56:37.719]收←◆RX_TDD:1,-94,11,-1832,1",,,0,sample:1,consistent_with_observed_groups,3297.0,0.0
2,-92,8,-1832,1,35798070,402,"[09:56:38.070]收←◆RX_TDD:2,-92,8,-1832,1",,,0,sample:1,consistent_with_observed_groups,3297.0,0.0
3,-94,8,-1832,1,35798420,404,"[09:56:38.420]收←◆RX_TDD:3,-94,8,-1832,1",,,0,sample:1,consistent_with_observed_groups,3297.0,0.0
4,-90,9,1465,0,35798770,406,"[09:56:38.770]收←◆RX_TDD:4,-90,9,1465,0",,,0,sample:1,consistent_with_observed_groups,0.0,3297.0
5,-89,4,-1832,1,35799120,408,"[09:56:39.120]收←◆RX_TDD:5,-89,4,-1832,1",,,0,sample:1,consistent_with_observed_groups,3297.0,0.0
6,-88,11,-1832,1,35799470,410,"[09:56:39.470]收←◆RX_TDD:6,-88,11,-1832,1",,,0,sample:1,consistent_with_observed_groups,3297.0,0.0
7,-90,6,-1832,1,35799820,412,"[09:56:39.820]收←◆RX_TDD:7,-90,6,-1832,1",,,0,sample:1,consistent_with_observed_groups,3297.0,0.0
8,-92,8,1465,0,35800169,414,"[09:56:40.169]收←◆RX_TDD:8,-92,8,1465,0",,,0,sample:1,consistent_with_observed_groups,0.0,3297.0
9,-95,12,-1832,1,35800522,416,"[09:56:40.522]收←◆RX_TDD:9,-95,12,-1832,1",,,0,sample:1,consistent_with_observed_groups,3297.0,0.0
10,-92,7,-1832,1,35800870,422,"[09:56:40.870]收←◆RX_TDD:10,-92,7,-1832,1",,,0,sample:1,consistent_with_observed_groups,3297.0,0.0
1,-94,9,-1832,1,35801219,424,"[09:56:41.219]收←◆RX_TDD:1,-94,9,-1832,1",,,0,sample:1,consistent_with_observed_groups,3297.0,0.0
2,-90,8,1465,0,35801570,426,"[09:56:41.570]收←◆RX_TDD:2,-90,8,1465,0",,,0,sample:1,consistent_with_observed_groups,0.0,3297.0
4,-89,11,-1832,1,35802269,428,"[09:56:42.269]收←◆RX_TDD:4,-89,11,-1832,1",,,0,sample:1,consistent_with_observed_groups,3297.0,0.0
5,-90,7,-1832,1,35802620,432,"[09:56:42.620]收←◆RX_TDD:5,-90,7,-1832,1",,,0,sample:1,consistent_with_observed_groups,3297.0,0.0
7,-94,11,-1832,1,35803320,436,"[09:56:43.320]收←◆RX_TDD:7,-94,11,-1832,1",,,0,sample:1,consistent_with_observed_groups,3297.0,0.0
8,-92,7,-1832,1,35803670,438,"[09:56:43.670]收←◆RX_TDD:8,-92,7,-1832,1",,,0,sample:1,consistent_with_observed_groups,3297.0,0.0
9,-95,9,-1832,1,35804020,440,"[09:56:44.020]收←◆RX_TDD:9,-95,9,-1832,1",,,0,sample:1,consistent_with_observed_groups,3297.0,0.0
10,-89,10,1465,0,35804370,446,"[09:56:44.370]收←◆RX_TDD:10,-89,10,1465,0",,,0,sample:1,consistent_with_observed_groups,0.0,3297.0
1,-90,4,1465,0,35804720,448,"[09:56:44.720]收←◆RX_TDD:1,-90,4,1465,0",,,0,sample:1,consistent_with_observed_groups,0.0,3297.0
2,-89,12,-1832,1,35805070,450,"[09:56:45.070]收←◆RX_TDD:2,-89,12,-1832,1",,,0,sample:1,consistent_with_observed_groups,3297.0,0.0
3,-91,7,-1832,1,35805419,452,"[09:56:45.419]收←◆RX_TDD:3,-91,7,-1832,1",,,0,sample:1,consistent_with_observed_groups,3297.0,0.0
4,-92,10,1465,0,35805769,454,"[09:56:45.769]收←◆RX_TDD:4,-92,10,1465,0",,,0,sample:1,consistent_with_observed_groups,0.0,3297.0
5,-94,11,-1832,1,35806120,456,"[09:56:46.120]收←◆RX_TDD:5,-94,11,-1832,1",,,0,sample:1,consistent_with_observed_groups,3297.0,0.0
6,-92,5,-1832,1,35806470,458,"[09:56:46.470]收←◆RX_TDD:6,-92,5,-1832,1",,,0,sample:1,consistent_with_observed_groups,3297.0,0.0
7,-95,8,-1832,1,35806819,464,"[09:56:46.819]收←◆RX_TDD:7,-95,8,-1832,1",,,0,sample:1,consistent_with_observed_groups,3297.0,0.0
8,-89,9,1465,0,35807174,466,"[09:56:47.174]收←◆RX_TDD:8,-89,9,1465,0",,,0,sample:1,consistent_with_observed_groups,0.0,3297.0
9,-90,3,1465,0,35807519,468,"[09:56:47.519]收←◆RX_TDD:9,-90,3,1465,0",,,0,sample:1,consistent_with_observed_groups,0.0,3297.0
10,-89,11,-1832,1,35807871,470,"[09:56:47.871]收←◆RX_TDD:10,-89,11,-1832,1",,,0,sample:1,consistent_with_observed_groups,3297.0,0.0
1,-91,8,-1832,1,35808219,472,"[09:56:48.219]收←◆RX_TDD:1,-91,8,-1832,1",,,0,sample:1,consistent_with_observed_groups,3297.0,0.0
2,-92,10,1465,0,35808570,474,"[09:56:48.570]收←◆RX_TDD:2,-92,10,1465,0",,,0,sample:1,consistent_with_observed_groups,0.0,3297.0
3,-94,10,-1832,1,35808919,476,"[09:56:48.919]收←◆RX_TDD:3,-94,10,-1832,1",,,0,sample:1,consistent_with_observed_groups,3297.0,0.0
4,-92,6,-1832,1,35809270,478,"[09:56:49.270]收←◆RX_TDD:4,-92,6,-1832,1",,,0,sample:1,consistent_with_observed_groups,3297.0,0.0
5,-94,7,-1832,1,35809620,482,"[09:56:49.620]收←◆RX_TDD:5,-94,7,-1832,1",,,0,sample:1,consistent_with_observed_groups,3297.0,0.0
8,-89,11,-1832,1,35810671,486,"[09:56:50.671]收←◆RX_TDD:8,-89,11,-1832,1",,,0,sample:1,consistent_with_observed_groups,3297.0,0.0
9,-90,7,-1832,1,35811022,488,"[09:56:51.022]收←◆RX_TDD:9,-90,7,-1832,1",,,0,sample:1,consistent_with_observed_groups,3297.0,0.0
10,-92,8,1465,0,35811369,494,"[09:56:51.369]收←◆RX_TDD:10,-92,8,1465,0",,,0,sample:1,consistent_with_observed_groups,0.0,3297.0
1,-94,12,-1832,1,35811721,496,"[09:56:51.721]收←◆RX_TDD:1,-94,12,-1832,1",,,0,sample:1,consistent_with_observed_groups,3297.0,0.0
2,-91,8,-1832,1,35812071,498,"[09:56:52.071]收←◆RX_TDD:2,-91,8,-1832,1",,,0,sample:1,consistent_with_observed_groups,3297.0,0.0
3,-94,6,-1832,1,35812421,500,"[09:56:52.421]收←◆RX_TDD:3,-94,6,-1832,1",,,0,sample:1,consistent_with_observed_groups,3297.0,0.0
4,-90,8,1465,0,35812770,502,"[09:56:52.770]收←◆RX_TDD:4,-90,8,1465,0",,,0,sample:1,consistent_with_observed_groups,0.0,3297.0
5,-90,3,1465,0,35813119,510,"[09:56:53.119]收←◆RX_TDD:5,-90,3,1465,0",,,0,sample:1,consistent_with_observed_groups,0.0,3297.0
8,-91,10,1465,0,35814170,514,"[09:56:54.170]收←◆RX_TDD:8,-91,10,1465,0",,,0,sample:1,consistent_with_observed_groups,0.0,3297.0
9,-94,11,-1832,1,35814520,520,"[09:56:54.520]收←◆RX_TDD:9,-94,11,-1832,1",,,0,sample:1,consistent_with_observed_groups,3297.0,0.0
10,-92,8,-1832,1,35814869,522,"[09:56:54.869]收←◆RX_TDD:10,-92,8,-1832,1",,,0,sample:1,consistent_with_observed_groups,3297.0,0.0
1,-95,7,-1832,1,35815220,524,"[09:56:55.220]收←◆RX_TDD:1,-95,7,-1832,1",,,0,sample:1,consistent_with_observed_groups,3297.0,0.0
2,-89,10,1465,0,35815570,526,"[09:56:55.570]收←◆RX_TDD:2,-89,10,1465,0",,,0,sample:1,consistent_with_observed_groups,0.0,3297.0
3,-90,5,1465,0,35815919,528,"[09:56:55.919]收←◆RX_TDD:3,-90,5,1465,0",,,0,sample:1,consistent_with_observed_groups,0.0,3297.0
4,-89,10,-1832,1,35816270,530,"[09:56:56.270]收←◆RX_TDD:4,-89,10,-1832,1",,,0,sample:1,consistent_with_observed_groups,3297.0,0.0
5,-90,8,-1832,1,35816620,532,"[09:56:56.620]收←◆RX_TDD:5,-90,8,-1832,1",,,0,sample:1,consistent_with_observed_groups,3297.0,0.0
