time_ms,previous_time_ms,index,offset_hz,previous_tdd,tdd,cfo_delta_hz,bcnbits_changed,missing,timing,source_line
35746971,35745920,,,3,6,0,0,2,consistent,54
35747670,35746971,,,6,8,-3419,1,1,consistent,59
35758171,35757120,,,5,8,0,0,2,consistent,127
35758871,35758171,,,8,10,-3419,1,1,consistent,133
35765871,35764821,,,7,10,0,0,2,consistent,181
35772170,35771120,,,5,8,0,0,2,consistent,221
35776371,35774971,,,6,10,0,0,3,consistent,254
35777070,35776371,,,10,2,-3297,1,1,consistent,256
35782670,35781620,,,5,8,0,0,2,consistent,292
35789320,35788620,,,5,7,0,0,1,consistent,340
35791070,35790370,,,10,2,-3297,1,1,consistent,352
35796320,35795621,,,5,7,0,0,1,consistent,388
35802269,35801570,,,2,4,-3297,1,1,consistent,428
35803320,35802620,,,5,7,0,0,1,consistent,436
35810671,35809620,,,5,8,0,0,2,consistent,486
35814170,35813119,,,5,8,0,0,2,consistent,514
