"rate_mode","physical_rate_khz","bandwidth_khz","super_frame_num","tested_combinations","normal_combinations","fallback_combinations","max_supported_ul_dl_sum"
"5","2","62.5","1","256","256","0","32"
"5","2","62.5","2","256","91","165","14"
"5","2","62.5","3","256","21","235","7"
"5","2","62.5","4","256","10","246","5"
"5","2","62.5","5","256","3","253","3"
"5","2","62.5","6","256","0","256","0"
"5","2","62.5","7","256","0","256","0"
"5","2","62.5","8","256","0","256","0"
"5","2","62.5","9","256","0","256","0"
"5","2","62.5","10","256","0","256","0"
"5","2","62.5","11","256","0","256","0"
"5","2","62.5","12","256","0","256","0"
"5","2","62.5","13","256","0","256","0"
"5","2","62.5","14","256","0","256","0"
"5","2","62.5","15","256","0","256","0"
"5","2","62.5","16","256","0","256","0"
"5","2","62.5","17","256","0","256","0"
"5","2","62.5","18","256","0","256","0"
"5","2","62.5","19","256","0","256","0"
"5","2","62.5","20","256","0","256","0"
"5","2","62.5","21","256","0","256","0"
"5","2","62.5","22","256","0","256","0"
"5","2","62.5","23","256","0","256","0"
"5","2","62.5","24","256","0","256","0"
"5","2","62.5","25","256","0","256","0"
"5","2","62.5","26","256","0","256","0"
"5","2","62.5","27","256","0","256","0"
"5","2","62.5","28","256","0","256","0"
"5","2","62.5","29","256","0","256","0"
"5","2","62.5","30","256","0","256","0"
"5","2","62.5","31","256","0","256","0"
"5","2","62.5","32","256","0","256","0"
"5","2","62.5","33","256","0","256","0"
"5","2","62.5","34","256","0","256","0"
"5","2","62.5","35","256","0","256","0"
"5","2","62.5","36","256","0","256","0"
"5","2","62.5","37","256","0","256","0"
"5","2","62.5","38","256","0","256","0"
"5","2","62.5","39","256","0","256","0"
"5","2","62.5","40","256","0","256","0"
"5","2","62.5","41","256","0","256","0"
"5","2","62.5","42","256","0","256","0"
"5","2","62.5","43","256","0","256","0"
"5","2","62.5","44","256","0","256","0"
"5","2","62.5","45","256","0","256","0"
"5","2","62.5","46","256","0","256","0"
"5","2","62.5","47","256","0","256","0"
"5","2","62.5","48","256","0","256","0"
"5","2","62.5","49","256","0","256","0"
"5","2","62.5","50","256","0","256","0"
"5","2","62.5","51","256","0","256","0"
"5","2","62.5","52","256","0","256","0"
"5","2","62.5","53","256","0","256","0"
"5","2","62.5","54","256","0","256","0"
"5","2","62.5","55","256","0","256","0"
"5","2","62.5","56","256","0","256","0"
"5","2","62.5","57","256","0","256","0"
"5","2","62.5","58","256","0","256","0"
"5","2","62.5","59","256","0","256","0"
"5","2","62.5","60","256","0","256","0"
"5","2","62.5","61","256","0","256","0"
"5","2","62.5","62","256","0","256","0"
"5","2","62.5","63","256","0","256","0"
"5","2","62.5","64","256","0","256","0"
"5","2","62.5","65","256","0","256","0"
"5","2","62.5","66","256","0","256","0"
"5","2","62.5","67","256","0","256","0"
"5","2","62.5","68","256","0","256","0"
"5","2","62.5","69","256","0","256","0"
"5","2","62.5","70","256","0","256","0"
"5","2","62.5","71","256","0","256","0"
"5","2","62.5","72","256","0","256","0"
"5","2","62.5","73","256","0","256","0"
"5","2","62.5","74","256","0","256","0"
"5","2","62.5","75","256","0","256","0"
"5","2","62.5","76","256","0","256","0"
"5","2","62.5","77","256","0","256","0"
"5","2","62.5","78","256","0","256","0"
"5","2","62.5","79","256","0","256","0"
"5","2","62.5","80","256","0","256","0"
"5","2","62.5","81","256","0","256","0"
"5","2","62.5","82","256","0","256","0"
"5","2","62.5","83","256","0","256","0"
"5","2","62.5","84","256","0","256","0"
"5","2","62.5","85","256","0","256","0"
"5","2","62.5","86","256","0","256","0"
"5","2","62.5","87","256","0","256","0"
"5","2","62.5","88","256","0","256","0"
"5","2","62.5","89","256","0","256","0"
"5","2","62.5","90","256","0","256","0"
"5","2","62.5","91","256","0","256","0"
"5","2","62.5","92","256","0","256","0"
"5","2","62.5","93","256","0","256","0"
"5","2","62.5","94","256","0","256","0"
"5","2","62.5","95","256","0","256","0"
"5","2","62.5","96","256","0","256","0"
"5","2","62.5","97","256","0","256","0"
"5","2","62.5","98","256","0","256","0"
"5","2","62.5","99","256","0","256","0"
"5","2","62.5","100","256","0","256","0"
"6","4","125","1","256","256","0","32"
"6","4","125","2","256","256","0","32"
"6","4","125","3","256","151","105","18"
"6","4","125","4","256","91","165","14"
"6","4","125","5","256","45","211","10"
"6","4","125","6","256","21","235","7"
"6","4","125","7","256","3","253","3"
"6","4","125","8","256","10","246","5"
"6","4","125","9","256","3","253","3"
"6","4","125","10","256","3","253","3"
"6","4","125","11","256","0","256","0"
"6","4","125","12","256","0","256","0"
"6","4","125","13","256","0","256","0"
"6","4","125","14","256","0","256","0"
"6","4","125","15","256","0","256","0"
"6","4","125","16","256","0","256","0"
"6","4","125","17","256","0","256","0"
"6","4","125","18","256","0","256","0"
"6","4","125","19","256","0","256","0"
"6","4","125","20","256","0","256","0"
"6","4","125","21","256","0","256","0"
"6","4","125","22","256","0","256","0"
"6","4","125","23","256","0","256","0"
"6","4","125","24","256","0","256","0"
"6","4","125","25","256","0","256","0"
"6","4","125","26","256","0","256","0"
"6","4","125","27","256","0","256","0"
"6","4","125","28","256","0","256","0"
"6","4","125","29","256","0","256","0"
"6","4","125","30","256","0","256","0"
"6","4","125","31","256","0","256","0"
"6","4","125","32","256","0","256","0"
"6","4","125","33","256","0","256","0"
"6","4","125","34","256","0","256","0"
"6","4","125","35","256","0","256","0"
"6","4","125","36","256","0","256","0"
"6","4","125","37","256","0","256","0"
"6","4","125","38","256","0","256","0"
"6","4","125","39","256","0","256","0"
"6","4","125","40","256","0","256","0"
"6","4","125","41","256","0","256","0"
"6","4","125","42","256","0","256","0"
"6","4","125","43","256","0","256","0"
"6","4","125","44","256","0","256","0"
"6","4","125","45","256","0","256","0"
"6","4","125","46","256","0","256","0"
"6","4","125","47","256","0","256","0"
"6","4","125","48","256","0","256","0"
"6","4","125","49","256","0","256","0"
"6","4","125","50","256","0","256","0"
"6","4","125","51","256","0","256","0"
"6","4","125","52","256","0","256","0"
"6","4","125","53","256","0","256","0"
"6","4","125","54","256","0","256","0"
"6","4","125","55","256","0","256","0"
"6","4","125","56","256","0","256","0"
"6","4","125","57","256","0","256","0"
"6","4","125","58","256","0","256","0"
"6","4","125","59","256","0","256","0"
"6","4","125","60","256","0","256","0"
"6","4","125","61","256","0","256","0"
"6","4","125","62","256","0","256","0"
"6","4","125","63","256","0","256","0"
"6","4","125","64","256","0","256","0"
"6","4","125","65","256","0","256","0"
"6","4","125","66","256","0","256","0"
"6","4","125","67","256","0","256","0"
"6","4","125","68","256","0","256","0"
"6","4","125","69","256","0","256","0"
"6","4","125","70","256","0","256","0"
"6","4","125","71","256","0","256","0"
"6","4","125","72","256","0","256","0"
"6","4","125","73","256","0","256","0"
"6","4","125","74","256","0","256","0"
"6","4","125","75","256","0","256","0"
"6","4","125","76","256","0","256","0"
"6","4","125","77","256","0","256","0"
"6","4","125","78","256","0","256","0"
"6","4","125","79","256","0","256","0"
"6","4","125","80","256","0","256","0"
"6","4","125","81","256","0","256","0"
"6","4","125","82","256","0","256","0"
"6","4","125","83","256","0","256","0"
"6","4","125","84","256","0","256","0"
"6","4","125","85","256","0","256","0"
"6","4","125","86","256","0","256","0"
"6","4","125","87","256","0","256","0"
"6","4","125","88","256","0","256","0"
"6","4","125","89","256","0","256","0"
"6","4","125","90","256","0","256","0"
"6","4","125","91","256","0","256","0"
"6","4","125","92","256","0","256","0"
"6","4","125","93","256","0","256","0"
"6","4","125","94","256","0","256","0"
"6","4","125","95","256","0","256","0"
"6","4","125","96","256","0","256","0"
"6","4","125","97","256","0","256","0"
"6","4","125","98","256","0","256","0"
"6","4","125","99","256","0","256","0"
"6","4","125","100","256","0","256","0"
"7","8","250","1","256","256","0","32"
"7","8","250","2","256","256","0","32"
"7","8","250","3","256","256","0","32"
"7","8","250","4","256","256","0","32"
"7","8","250","5","256","235","21","26"
"7","8","250","6","256","151","105","18"
"7","8","250","7","256","45","211","10"
"7","8","250","8","256","91","165","14"
"7","8","250","9","256","45","211","10"
"7","8","250","10","256","45","211","10"
"7","8","250","11","256","0","256","0"
"7","8","250","12","256","21","235","7"
"7","8","250","13","256","0","256","0"
"7","8","250","14","256","3","253","3"
"7","8","250","15","256","6","250","4"
"7","8","250","16","256","10","246","5"
"7","8","250","17","256","0","256","0"
"7","8","250","18","256","3","253","3"
"7","8","250","19","256","0","256","0"
"7","8","250","20","256","3","253","3"
"7","8","250","21","256","0","256","0"
"7","8","250","22","256","0","256","0"
"7","8","250","23","256","0","256","0"
"7","8","250","24","256","0","256","0"
"7","8","250","25","256","0","256","0"
"7","8","250","26","256","0","256","0"
"7","8","250","27","256","0","256","0"
"7","8","250","28","256","0","256","0"
"7","8","250","29","256","0","256","0"
"7","8","250","30","256","0","256","0"
"7","8","250","31","256","0","256","0"
"7","8","250","32","256","0","256","0"
"7","8","250","33","256","0","256","0"
"7","8","250","34","256","0","256","0"
"7","8","250","35","256","0","256","0"
"7","8","250","36","256","0","256","0"
"7","8","250","37","256","0","256","0"
"7","8","250","38","256","0","256","0"
"7","8","250","39","256","0","256","0"
"7","8","250","40","256","0","256","0"
"7","8","250","41","256","0","256","0"
"7","8","250","42","256","0","256","0"
"7","8","250","43","256","0","256","0"
"7","8","250","44","256","0","256","0"
"7","8","250","45","256","0","256","0"
"7","8","250","46","256","0","256","0"
"7","8","250","47","256","0","256","0"
"7","8","250","48","256","0","256","0"
"7","8","250","49","256","0","256","0"
"7","8","250","50","256","0","256","0"
"7","8","250","51","256","0","256","0"
"7","8","250","52","256","0","256","0"
"7","8","250","53","256","0","256","0"
"7","8","250","54","256","0","256","0"
"7","8","250","55","256","0","256","0"
"7","8","250","56","256","0","256","0"
"7","8","250","57","256","0","256","0"
"7","8","250","58","256","0","256","0"
"7","8","250","59","256","0","256","0"
"7","8","250","60","256","0","256","0"
"7","8","250","61","256","0","256","0"
"7","8","250","62","256","0","256","0"
"7","8","250","63","256","0","256","0"
"7","8","250","64","256","0","256","0"
"7","8","250","65","256","0","256","0"
"7","8","250","66","256","0","256","0"
"7","8","250","67","256","0","256","0"
"7","8","250","68","256","0","256","0"
"7","8","250","69","256","0","256","0"
"7","8","250","70","256","0","256","0"
"7","8","250","71","256","0","256","0"
"7","8","250","72","256","0","256","0"
"7","8","250","73","256","0","256","0"
"7","8","250","74","256","0","256","0"
"7","8","250","75","256","0","256","0"
"7","8","250","76","256","0","256","0"
"7","8","250","77","256","0","256","0"
"7","8","250","78","256","0","256","0"
"7","8","250","79","256","0","256","0"
"7","8","250","80","256","0","256","0"
"7","8","250","81","256","0","256","0"
"7","8","250","82","256","0","256","0"
"7","8","250","83","256","0","256","0"
"7","8","250","84","256","0","256","0"
"7","8","250","85","256","0","256","0"
"7","8","250","86","256","0","256","0"
"7","8","250","87","256","0","256","0"
"7","8","250","88","256","0","256","0"
"7","8","250","89","256","0","256","0"
"7","8","250","90","256","0","256","0"
"7","8","250","91","256","0","256","0"
"7","8","250","92","256","0","256","0"
"7","8","250","93","256","0","256","0"
"7","8","250","94","256","0","256","0"
"7","8","250","95","256","0","256","0"
"7","8","250","96","256","0","256","0"
"7","8","250","97","256","0","256","0"
"7","8","250","98","256","0","256","0"
"7","8","250","99","256","0","256","0"
"7","8","250","100","256","0","256","0"
"8","16","500","1","256","256","0","32"
"8","16","500","2","256","256","0","32"
"8","16","500","3","256","256","0","32"
"8","16","500","4","256","256","0","32"
"8","16","500","5","256","256","0","32"
"8","16","500","6","256","256","0","32"
"8","16","500","7","256","235","21","26"
"8","16","500","8","256","256","0","32"
"8","16","500","9","256","235","21","26"
"8","16","500","10","256","235","21","26"
"8","16","500","11","256","0","256","0"
"8","16","500","12","256","151","105","18"
"8","16","500","13","256","0","256","0"
"8","16","500","14","256","45","211","10"
"8","16","500","15","256","78","178","13"
"8","16","500","16","256","91","165","14"
"8","16","500","17","256","0","256","0"
"8","16","500","18","256","45","211","10"
"8","16","500","19","256","0","256","0"
"8","16","500","20","256","45","211","10"
"8","16","500","21","256","0","256","0"
"8","16","500","22","256","0","256","0"
"8","16","500","23","256","0","256","0"
"8","16","500","24","256","15","241","6"
"8","16","500","25","256","21","235","7"
"8","16","500","26","256","0","256","0"
"8","16","500","27","256","0","256","0"
"8","16","500","28","256","3","253","3"
"8","16","500","29","256","0","256","0"
"8","16","500","30","256","6","250","4"
"8","16","500","31","256","0","256","0"
"8","16","500","32","256","10","246","5"
"8","16","500","33","256","0","256","0"
"8","16","500","34","256","0","256","0"
"8","16","500","35","256","0","256","0"
"8","16","500","36","256","3","253","3"
"8","16","500","37","256","0","256","0"
"8","16","500","38","256","0","256","0"
"8","16","500","39","256","0","256","0"
"8","16","500","40","256","3","253","3"
"8","16","500","41","256","0","256","0"
"8","16","500","42","256","0","256","0"
"8","16","500","43","256","0","256","0"
"8","16","500","44","256","0","256","0"
"8","16","500","45","256","0","256","0"
"8","16","500","46","256","0","256","0"
"8","16","500","47","256","0","256","0"
"8","16","500","48","256","0","256","0"
"8","16","500","49","256","0","256","0"
"8","16","500","50","256","0","256","0"
"8","16","500","51","256","0","256","0"
"8","16","500","52","256","0","256","0"
"8","16","500","53","256","0","256","0"
"8","16","500","54","256","0","256","0"
"8","16","500","55","256","0","256","0"
"8","16","500","56","256","0","256","0"
"8","16","500","57","256","0","256","0"
"8","16","500","58","256","0","256","0"
"8","16","500","59","256","0","256","0"
"8","16","500","60","256","0","256","0"
"8","16","500","61","256","0","256","0"
"8","16","500","62","256","0","256","0"
"8","16","500","63","256","0","256","0"
"8","16","500","64","256","0","256","0"
"8","16","500","65","256","0","256","0"
"8","16","500","66","256","0","256","0"
"8","16","500","67","256","0","256","0"
"8","16","500","68","256","0","256","0"
"8","16","500","69","256","0","256","0"
"8","16","500","70","256","0","256","0"
"8","16","500","71","256","0","256","0"
"8","16","500","72","256","0","256","0"
"8","16","500","73","256","0","256","0"
"8","16","500","74","256","0","256","0"
"8","16","500","75","256","0","256","0"
"8","16","500","76","256","0","256","0"
"8","16","500","77","256","0","256","0"
"8","16","500","78","256","0","256","0"
"8","16","500","79","256","0","256","0"
"8","16","500","80","256","0","256","0"
"8","16","500","81","256","0","256","0"
"8","16","500","82","256","0","256","0"
"8","16","500","83","256","0","256","0"
"8","16","500","84","256","0","256","0"
"8","16","500","85","256","0","256","0"
"8","16","500","86","256","0","256","0"
"8","16","500","87","256","0","256","0"
"8","16","500","88","256","0","256","0"
"8","16","500","89","256","0","256","0"
"8","16","500","90","256","0","256","0"
"8","16","500","91","256","0","256","0"
"8","16","500","92","256","0","256","0"
"8","16","500","93","256","0","256","0"
"8","16","500","94","256","0","256","0"
"8","16","500","95","256","0","256","0"
"8","16","500","96","256","0","256","0"
"8","16","500","97","256","0","256","0"
"8","16","500","98","256","0","256","0"
"8","16","500","99","256","0","256","0"
"8","16","500","100","256","0","256","0"
"9","32","500","1","256","256","0","32"
"9","32","500","2","256","256","0","32"
"9","32","500","3","256","256","0","32"
"9","32","500","4","256","256","0","32"
"9","32","500","5","256","256","0","32"
"9","32","500","6","256","256","0","32"
"9","32","500","7","256","256","0","32"
"9","32","500","8","256","256","0","32"
"9","32","500","9","256","256","0","32"
"9","32","500","10","256","256","0","32"
"9","32","500","11","256","0","256","0"
"9","32","500","12","256","256","0","32"
"9","32","500","13","256","0","256","0"
"9","32","500","14","256","228","28","25"
"9","32","500","15","256","255","1","31"
"9","32","500","16","256","256","0","32"
"9","32","500","17","256","0","256","0"
"9","32","500","18","256","228","28","25"
"9","32","500","19","256","0","256","0"
"9","32","500","20","256","228","28","25"
"9","32","500","21","256","0","256","0"
"9","32","500","22","256","0","256","0"
"9","32","500","23","256","0","256","0"
"9","32","500","24","256","151","105","18"
"9","32","500","25","256","165","91","19"
"9","32","500","26","256","0","256","0"
"9","32","500","27","256","0","256","0"
"9","32","500","28","256","45","211","10"
"9","32","500","29","256","0","256","0"
"9","32","500","30","256","78","178","13"
"9","32","500","31","256","0","256","0"
"9","32","500","32","256","91","165","14"
"9","32","500","33","256","0","256","0"
"9","32","500","34","256","0","256","0"
"9","32","500","35","256","21","235","7"
"9","32","500","36","256","45","211","10"
"9","32","500","37","256","0","256","0"
"9","32","500","38","256","0","256","0"
"9","32","500","39","256","0","256","0"
"9","32","500","40","256","45","211","10"
"9","32","500","41","256","0","256","0"
"9","32","500","42","256","0","256","0"
"9","32","500","43","256","0","256","0"
"9","32","500","44","256","0","256","0"
"9","32","500","45","256","21","235","7"
"9","32","500","46","256","0","256","0"
"9","32","500","47","256","0","256","0"
"9","32","500","48","256","15","241","6"
"9","32","500","49","256","0","256","0"
"9","32","500","50","256","21","235","7"
"9","32","500","51","256","0","256","0"
"9","32","500","52","256","0","256","0"
"9","32","500","53","256","0","256","0"
"9","32","500","54","256","0","256","0"
"9","32","500","55","256","0","256","0"
"9","32","500","56","256","1","255","2"
"9","32","500","57","256","0","256","0"
"9","32","500","58","256","0","256","0"
"9","32","500","59","256","0","256","0"
"9","32","500","60","256","6","250","4"
"9","32","500","61","256","0","256","0"
"9","32","500","62","256","0","256","0"
"9","32","500","63","256","0","256","0"
"9","32","500","64","256","6","250","4"
"9","32","500","65","256","0","256","0"
"9","32","500","66","256","0","256","0"
"9","32","500","67","256","0","256","0"
"9","32","500","68","256","0","256","0"
"9","32","500","69","256","0","256","0"
"9","32","500","70","256","0","256","0"
"9","32","500","71","256","0","256","0"
"9","32","500","72","256","0","256","0"
"9","32","500","73","256","0","256","0"
"9","32","500","74","256","0","256","0"
"9","32","500","75","256","0","256","0"
"9","32","500","76","256","0","256","0"
"9","32","500","77","256","0","256","0"
"9","32","500","78","256","0","256","0"
"9","32","500","79","256","0","256","0"
"9","32","500","80","256","0","256","0"
"9","32","500","81","256","0","256","0"
"9","32","500","82","256","0","256","0"
"9","32","500","83","256","0","256","0"
"9","32","500","84","256","0","256","0"
"9","32","500","85","256","0","256","0"
"9","32","500","86","256","0","256","0"
"9","32","500","87","256","0","256","0"
"9","32","500","88","256","0","256","0"
"9","32","500","89","256","0","256","0"
"9","32","500","90","256","0","256","0"
"9","32","500","91","256","0","256","0"
"9","32","500","92","256","0","256","0"
"9","32","500","93","256","0","256","0"
"9","32","500","94","256","0","256","0"
"9","32","500","95","256","0","256","0"
"9","32","500","96","256","0","256","0"
"9","32","500","97","256","0","256","0"
"9","32","500","98","256","0","256","0"
"9","32","500","99","256","0","256","0"
"9","32","500","100","256","0","256","0"
"10","64","500","1","256","256","0","32"
"10","64","500","2","256","256","0","32"
"10","64","500","3","256","256","0","32"
"10","64","500","4","256","256","0","32"
"10","64","500","5","256","256","0","32"
"10","64","500","6","256","256","0","32"
"10","64","500","7","256","256","0","32"
"10","64","500","8","256","256","0","32"
"10","64","500","9","256","256","0","32"
"10","64","500","10","256","256","0","32"
"10","64","500","11","256","0","256","0"
"10","64","500","12","256","256","0","32"
"10","64","500","13","256","0","256","0"
"10","64","500","14","256","256","0","32"
"10","64","500","15","256","256","0","32"
"10","64","500","16","256","256","0","32"
"10","64","500","17","256","0","256","0"
"10","64","500","18","256","256","0","32"
"10","64","500","19","256","0","256","0"
"10","64","500","20","256","256","0","32"
"10","64","500","21","256","0","256","0"
"10","64","500","22","256","0","256","0"
"10","64","500","23","256","0","256","0"
"10","64","500","24","256","256","0","32"
"10","64","500","25","256","256","0","32"
"10","64","500","26","256","0","256","0"
"10","64","500","27","256","0","256","0"
"10","64","500","28","256","228","28","25"
"10","64","500","29","256","0","256","0"
"10","64","500","30","256","255","1","31"
"10","64","500","31","256","0","256","0"
"10","64","500","32","256","256","0","32"
"10","64","500","33","256","0","256","0"
"10","64","500","34","256","0","256","0"
"10","64","500","35","256","165","91","19"
"10","64","500","36","256","228","28","25"
"10","64","500","37","256","0","256","0"
"10","64","500","38","256","0","256","0"
"10","64","500","39","256","0","256","0"
"10","64","500","40","256","228","28","25"
"10","64","500","41","256","0","256","0"
"10","64","500","42","256","0","256","0"
"10","64","500","43","256","0","256","0"
"10","64","500","44","256","0","256","0"
"10","64","500","45","256","165","91","19"
"10","64","500","46","256","0","256","0"
"10","64","500","47","256","0","256","0"
"10","64","500","48","256","136","120","17"
"10","64","500","49","256","0","256","0"
"10","64","500","50","256","165","91","19"
"10","64","500","51","256","0","256","0"
"10","64","500","52","256","0","256","0"
"10","64","500","53","256","0","256","0"
"10","64","500","54","256","0","256","0"
"10","64","500","55","256","0","256","0"
"10","64","500","56","256","45","211","10"
"10","64","500","57","256","0","256","0"
"10","64","500","58","256","0","256","0"
"10","64","500","59","256","0","256","0"
"10","64","500","60","256","78","178","13"
"10","64","500","61","256","0","256","0"
"10","64","500","62","256","0","256","0"
"10","64","500","63","256","0","256","0"
"10","64","500","64","256","78","178","13"
"10","64","500","65","256","0","256","0"
"10","64","500","66","256","0","256","0"
"10","64","500","67","256","0","256","0"
"10","64","500","68","256","0","256","0"
"10","64","500","69","256","0","256","0"
"10","64","500","70","256","0","256","0"
"10","64","500","71","256","0","256","0"
"10","64","500","72","256","0","256","0"
"10","64","500","73","256","0","256","0"
"10","64","500","74","256","0","256","0"
"10","64","500","75","256","0","256","0"
"10","64","500","76","256","0","256","0"
"10","64","500","77","256","0","256","0"
"10","64","500","78","256","0","256","0"
"10","64","500","79","256","0","256","0"
"10","64","500","80","256","0","256","0"
"10","64","500","81","256","0","256","0"
"10","64","500","82","256","0","256","0"
"10","64","500","83","256","0","256","0"
"10","64","500","84","256","0","256","0"
"10","64","500","85","256","0","256","0"
"10","64","500","86","256","0","256","0"
"10","64","500","87","256","0","256","0"
"10","64","500","88","256","0","256","0"
"10","64","500","89","256","0","256","0"
"10","64","500","90","256","0","256","0"
"10","64","500","91","256","0","256","0"
"10","64","500","92","256","0","256","0"
"10","64","500","93","256","0","256","0"
"10","64","500","94","256","0","256","0"
"10","64","500","95","256","0","256","0"
"10","64","500","96","256","0","256","0"
"10","64","500","97","256","0","256","0"
"10","64","500","98","256","0","256","0"
"10","64","500","99","256","0","256","0"
"10","64","500","100","256","0","256","0"
"11","128","500","1","256","256","0","32"
"11","128","500","2","256","256","0","32"
"11","128","500","3","256","256","0","32"
"11","128","500","4","256","256","0","32"
"11","128","500","5","256","256","0","32"
"11","128","500","6","256","256","0","32"
"11","128","500","7","256","256","0","32"
"11","128","500","8","256","256","0","32"
"11","128","500","9","256","256","0","32"
"11","128","500","10","256","256","0","32"
"11","128","500","11","256","0","256","0"
"11","128","500","12","256","256","0","32"
"11","128","500","13","256","0","256","0"
"11","128","500","14","256","256","0","32"
"11","128","500","15","256","256","0","32"
"11","128","500","16","256","256","0","32"
"11","128","500","17","256","0","256","0"
"11","128","500","18","256","256","0","32"
"11","128","500","19","256","0","256","0"
"11","128","500","20","256","256","0","32"
"11","128","500","21","256","0","256","0"
"11","128","500","22","256","0","256","0"
"11","128","500","23","256","0","256","0"
"11","128","500","24","256","256","0","32"
"11","128","500","25","256","256","0","32"
"11","128","500","26","256","0","256","0"
"11","128","500","27","256","0","256","0"
"11","128","500","28","256","256","0","32"
"11","128","500","29","256","0","256","0"
"11","128","500","30","256","256","0","32"
"11","128","500","31","256","0","256","0"
"11","128","500","32","256","256","0","32"
"11","128","500","33","256","0","256","0"
"11","128","500","34","256","0","256","0"
"11","128","500","35","256","256","0","32"
"11","128","500","36","256","256","0","32"
"11","128","500","37","256","0","256","0"
"11","128","500","38","256","0","256","0"
"11","128","500","39","256","0","256","0"
"11","128","500","40","256","256","0","32"
"11","128","500","41","256","0","256","0"
"11","128","500","42","256","0","256","0"
"11","128","500","43","256","0","256","0"
"11","128","500","44","256","0","256","0"
"11","128","500","45","256","256","0","32"
"11","128","500","46","256","0","256","0"
"11","128","500","47","256","0","256","0"
"11","128","500","48","256","256","0","32"
"11","128","500","49","256","0","256","0"
"11","128","500","50","256","256","0","32"
"11","128","500","51","256","0","256","0"
"11","128","500","52","256","0","256","0"
"11","128","500","53","256","0","256","0"
"11","128","500","54","256","0","256","0"
"11","128","500","55","256","0","256","0"
"11","128","500","56","256","220","36","24"
"11","128","500","57","256","0","256","0"
"11","128","500","58","256","0","256","0"
"11","128","500","59","256","0","256","0"
"11","128","500","60","256","253","3","30"
"11","128","500","61","256","0","256","0"
"11","128","500","62","256","0","256","0"
"11","128","500","63","256","0","256","0"
"11","128","500","64","256","255","1","31"
"11","128","500","65","256","0","256","0"
"11","128","500","66","256","0","256","0"
"11","128","500","67","256","0","256","0"
"11","128","500","68","256","0","256","0"
"11","128","500","69","256","0","256","0"
"11","128","500","70","256","0","256","0"
"11","128","500","71","256","0","256","0"
"11","128","500","72","256","0","256","0"
"11","128","500","73","256","0","256","0"
"11","128","500","74","256","0","256","0"
"11","128","500","75","256","0","256","0"
"11","128","500","76","256","0","256","0"
"11","128","500","77","256","0","256","0"
"11","128","500","78","256","0","256","0"
"11","128","500","79","256","0","256","0"
"11","128","500","80","256","0","256","0"
"11","128","500","81","256","0","256","0"
"11","128","500","82","256","0","256","0"
"11","128","500","83","256","0","256","0"
"11","128","500","84","256","0","256","0"
"11","128","500","85","256","0","256","0"
"11","128","500","86","256","0","256","0"
"11","128","500","87","256","0","256","0"
"11","128","500","88","256","0","256","0"
"11","128","500","89","256","0","256","0"
"11","128","500","90","256","0","256","0"
"11","128","500","91","256","0","256","0"
"11","128","500","92","256","0","256","0"
"11","128","500","93","256","0","256","0"
"11","128","500","94","256","0","256","0"
"11","128","500","95","256","0","256","0"
"11","128","500","96","256","0","256","0"
"11","128","500","97","256","0","256","0"
"11","128","500","98","256","0","256","0"
"11","128","500","99","256","0","256","0"
"11","128","500","100","256","0","256","0"
"18","128","500","1","256","256","0","32"
"18","128","500","2","256","256","0","32"
"18","128","500","3","256","256","0","32"
"18","128","500","4","256","256","0","32"
"18","128","500","5","256","256","0","32"
"18","128","500","6","256","256","0","32"
"18","128","500","7","256","256","0","32"
"18","128","500","8","256","256","0","32"
"18","128","500","9","256","256","0","32"
"18","128","500","10","256","256","0","32"
"18","128","500","11","256","0","256","0"
"18","128","500","12","256","256","0","32"
"18","128","500","13","256","0","256","0"
"18","128","500","14","256","256","0","32"
"18","128","500","15","256","256","0","32"
"18","128","500","16","256","256","0","32"
"18","128","500","17","256","0","256","0"
"18","128","500","18","256","256","0","32"
"18","128","500","19","256","0","256","0"
"18","128","500","20","256","256","0","32"
"18","128","500","21","256","0","256","0"
"18","128","500","22","256","0","256","0"
"18","128","500","23","256","0","256","0"
"18","128","500","24","256","256","0","32"
"18","128","500","25","256","256","0","32"
"18","128","500","26","256","0","256","0"
"18","128","500","27","256","0","256","0"
"18","128","500","28","256","256","0","32"
"18","128","500","29","256","0","256","0"
"18","128","500","30","256","256","0","32"
"18","128","500","31","256","0","256","0"
"18","128","500","32","256","256","0","32"
"18","128","500","33","256","0","256","0"
"18","128","500","34","256","0","256","0"
"18","128","500","35","256","256","0","32"
"18","128","500","36","256","256","0","32"
"18","128","500","37","256","0","256","0"
"18","128","500","38","256","0","256","0"
"18","128","500","39","256","0","256","0"
"18","128","500","40","256","256","0","32"
"18","128","500","41","256","0","256","0"
"18","128","500","42","256","0","256","0"
"18","128","500","43","256","0","256","0"
"18","128","500","44","256","0","256","0"
"18","128","500","45","256","256","0","32"
"18","128","500","46","256","0","256","0"
"18","128","500","47","256","0","256","0"
"18","128","500","48","256","256","0","32"
"18","128","500","49","256","0","256","0"
"18","128","500","50","256","256","0","32"
"18","128","500","51","256","0","256","0"
"18","128","500","52","256","0","256","0"
"18","128","500","53","256","0","256","0"
"18","128","500","54","256","0","256","0"
"18","128","500","55","256","0","256","0"
"18","128","500","56","256","220","36","24"
"18","128","500","57","256","0","256","0"
"18","128","500","58","256","0","256","0"
"18","128","500","59","256","0","256","0"
"18","128","500","60","256","253","3","30"
"18","128","500","61","256","0","256","0"
"18","128","500","62","256","0","256","0"
"18","128","500","63","256","0","256","0"
"18","128","500","64","256","255","1","31"
"18","128","500","65","256","0","256","0"
"18","128","500","66","256","0","256","0"
"18","128","500","67","256","0","256","0"
"18","128","500","68","256","0","256","0"
"18","128","500","69","256","0","256","0"
"18","128","500","70","256","0","256","0"
"18","128","500","71","256","0","256","0"
"18","128","500","72","256","0","256","0"
"18","128","500","73","256","0","256","0"
"18","128","500","74","256","0","256","0"
"18","128","500","75","256","0","256","0"
"18","128","500","76","256","0","256","0"
"18","128","500","77","256","0","256","0"
"18","128","500","78","256","0","256","0"
"18","128","500","79","256","0","256","0"
"18","128","500","80","256","0","256","0"
"18","128","500","81","256","0","256","0"
"18","128","500","82","256","0","256","0"
"18","128","500","83","256","0","256","0"
"18","128","500","84","256","0","256","0"
"18","128","500","85","256","0","256","0"
"18","128","500","86","256","0","256","0"
"18","128","500","87","256","0","256","0"
"18","128","500","88","256","0","256","0"
"18","128","500","89","256","0","256","0"
"18","128","500","90","256","0","256","0"
"18","128","500","91","256","0","256","0"
"18","128","500","92","256","0","256","0"
"18","128","500","93","256","0","256","0"
"18","128","500","94","256","0","256","0"
"18","128","500","95","256","0","256","0"
"18","128","500","96","256","0","256","0"
"18","128","500","97","256","0","256","0"
"18","128","500","98","256","0","256","0"
"18","128","500","99","256","0","256","0"
"18","128","500","100","256","0","256","0"
