line,block_start_line,time,time_ms,text
2,2,09:55:36.596,35736596,"[09:55:36.596]发→◇AT+WREG=0x08c8,0x05000900"
4,4,09:55:36.602,35736602,[09:55:36.602]收←◆AT_PARAM_ERROR
6,6,09:55:38.151,35738151,[09:55:38.151]发→◇AT+RST
15,14,09:55:38.487,35738487,compile time: Sep 16 2026 19:48:56.
17,17,09:55:39.896,35739896,"[09:55:39.896]发→◇AT+PRINTMODE=MAC,1"
21,21,09:55:41.295,35741295,[09:55:41.295]发→◇AT+DEVEUI=0000000000000003
25,25,09:55:42.400,35742400,[09:55:42.400]发→◇AT+DEVMODE=2
29,29,09:55:43.413,35743413,"[09:55:43.413]发→◇AT+FREQCFG=7,6"
33,33,09:55:44.534,35744534,[09:55:44.534]发→◇AT+RATE=8
37,37,09:55:45.535,35745535,[09:55:45.535]发→◇AT+JOIN=0
39,39,09:55:45.759,35745759,[09:55:45.759]收←◆+NWKINFO:2
45,44,09:55:45.920,35745920,FREQ_OFFSET_CLOSE
46,44,09:55:45.920,35745920,+NWKINFO:3
50,50,09:55:46.183,35746183,"[09:55:46.183]收←◆+HOP_FREQ_POWER:496565933,-234067,20,8"
52,52,09:55:46.391,35746391,[09:55:46.391]收←◆+TXSTATUS:10
56,56,09:55:47.221,35747221,"[09:55:47.221]收←◆RX_DATA:1,-8,8,953"
57,56,09:55:47.221,35747221,FREQ_OFFSET_OPEN
60,59,09:55:47.670,35747670,+NWKINFO:4
113,113,09:55:56.285,35756285,"[09:55:56.285]发→◇AT+SENDB=1,2,1122334411223344"
121,121,09:55:57.031,35757031,[09:55:57.031]收←◆FREQ_OFFSET_CLOSE
125,125,09:55:57.383,35757383,"[09:55:57.383]收←◆+HOP_FREQ_POWER:496804528,4528,20,8"
129,129,09:55:58.770,35758770,"[09:55:58.770]收←◆RX_DATA:4,-79,15,1465"
130,129,09:55:58.770,35758770,FREQ_OFFSET_OPEN
131,129,09:55:58.770,35758770,+TXSTATUS:7
151,151,09:56:01.834,35761834,"[09:56:01.834]发→◇AT+SENDB=1,2,1122334411223344"
167,167,09:56:04.031,35764031,[09:56:04.031]收←◆FREQ_OFFSET_CLOSE
171,171,09:56:04.382,35764382,"[09:56:04.382]收←◆+HOP_FREQ_POWER:496859577,59577,20,8"
177,177,09:56:05.771,35765771,"[09:56:05.771]收←◆RX_DATA:4,-78,15,-1954"
178,177,09:56:05.771,35765771,FREQ_OFFSET_OPEN
179,177,09:56:05.771,35765771,+TXSTATUS:7
205,205,09:56:10.014,35770014,"[09:56:10.014]发→◇AT+SENDB=1,2,1122334411223344"
215,215,09:56:11.030,35771030,[09:56:11.030]收←◆FREQ_OFFSET_CLOSE
219,219,09:56:11.382,35771382,"[09:56:11.382]收←◆+HOP_FREQ_POWER:496794016,-5984,20,8"
223,223,09:56:12.421,35772421,"[09:56:12.421]收←◆RX_DATA:4,-79,12,1465"
224,223,09:56:12.421,35772421,FREQ_OFFSET_OPEN
225,223,09:56:12.421,35772421,+TXSTATUS:7
239,239,09:56:14.542,35774542,"[09:56:14.542]发→◇AT+SENDB=1,2,1122334411223344"
245,245,09:56:14.882,35774882,[09:56:14.882]收←◆FREQ_OFFSET_CLOSE
246,245,09:56:14.882,35774882,"+HOP_FREQ_POWER:496909220,109220,16,8"
250,250,09:56:16.270,35776270,"[09:56:16.270]收←◆RX_DATA:4,-83,15,1465"
251,250,09:56:16.270,35776270,FREQ_OFFSET_OPEN
252,250,09:56:16.270,35776270,+TXSTATUS:7
268,268,09:56:19.061,35779061,"[09:56:19.061]发→◇AT+SENDB=1,2,1122334411223344"
286,286,09:56:21.530,35781530,[09:56:21.530]收←◆FREQ_OFFSET_CLOSE
290,290,09:56:21.884,35781884,"[09:56:21.884]收←◆+HOP_FREQ_POWER:497010766,210766,20,8"
296,296,09:56:23.271,35783271,"[09:56:23.271]收←◆RX_DATA:4,-103,11,-1832"
297,296,09:56:23.271,35783271,FREQ_OFFSET_OPEN
298,296,09:56:23.271,35783271,+TXSTATUS:7
316,316,09:56:26.065,35786065,"[09:56:26.065]发→◇AT+SENDB=1,2,1122334411223344"
334,334,09:56:28.531,35788531,[09:56:28.531]收←◆FREQ_OFFSET_CLOSE
338,338,09:56:28.882,35788882,"[09:56:28.882]收←◆+HOP_FREQ_POWER:496930313,130313,16,8"
346,346,09:56:30.271,35790271,"[09:56:30.271]收←◆RX_DATA:4,-85,15,-1832"
347,346,09:56:30.271,35790271,FREQ_OFFSET_OPEN
348,346,09:56:30.271,35790271,+TXSTATUS:7
362,362,09:56:32.539,35792539,"[09:56:32.539]发→◇AT+SENDB=1,2,1122334411223344"
382,382,09:56:35.530,35795530,[09:56:35.530]收←◆FREQ_OFFSET_CLOSE
386,386,09:56:35.882,35795882,"[09:56:35.882]收←◆+HOP_FREQ_POWER:496959435,159435,20,8"
394,394,09:56:37.270,35797270,"[09:56:37.270]收←◆RX_DATA:4,-89,14,-1832"
395,394,09:56:37.270,35797270,FREQ_OFFSET_OPEN
396,394,09:56:37.270,35797270,+TXSTATUS:7
418,418,09:56:40.600,35800600,"[09:56:40.600]发→◇AT+SENDB=1,2,1122334411223344"
430,430,09:56:42.530,35802530,[09:56:42.530]收←◆FREQ_OFFSET_CLOSE
434,434,09:56:42.882,35802882,"[09:56:42.882]收←◆+HOP_FREQ_POWER:496985405,185405,20,8"
442,442,09:56:44.270,35804270,"[09:56:44.270]收←◆RX_DATA:4,-94,13,-1832"
443,442,09:56:44.270,35804270,FREQ_OFFSET_OPEN
444,442,09:56:44.270,35804270,+TXSTATUS:7
460,460,09:56:46.654,35806654,"[09:56:46.654]发→◇AT+SENDB=1,2,1122334411223344"
480,480,09:56:49.531,35809531,[09:56:49.531]收←◆FREQ_OFFSET_CLOSE
484,484,09:56:49.882,35809882,"[09:56:49.882]收←◆+HOP_FREQ_POWER:496858709,58709,20,8"
490,490,09:56:51.270,35811270,"[09:56:51.270]收←◆RX_DATA:4,-78,15,-1832"
491,490,09:56:51.270,35811270,FREQ_OFFSET_OPEN
492,490,09:56:51.270,35811270,+TXSTATUS:7
504,504,09:56:52.937,35812937,"[09:56:52.937]发→◇AT+SENDB=1,2,1122334411223344"
508,508,09:56:53.030,35813030,[09:56:53.030]收←◆FREQ_OFFSET_CLOSE
512,512,09:56:53.382,35813382,"[09:56:53.382]收←◆+HOP_FREQ_POWER:497020764,220764,20,8"
516,516,09:56:54.420,35814420,"[09:56:54.420]收←◆RX_DATA:4,-109,10,1465"
517,516,09:56:54.420,35814420,FREQ_OFFSET_OPEN
518,516,09:56:54.420,35814420,+TXSTATUS:7
