previous_line,line,previous_time,time,previous_tdd,tdd,delta_ms,previous_cfo_hz,cfo_hz,cfo_delta_hz,previous_bcnbits,bcnbits,bcnbits_changed,missing_records_estimate,period_residual_ms,joined_window,missing_tdd_sequence
44,54,09:55:45.920,09:55:46.971,3,6,1051,1465,1465,0,0,0,0,2,1,0,"4,5"
54,59,09:55:46.971,09:55:47.670,6,8,699,1465,-1954,-3419,0,1,1,1,-1,0,7
123,127,09:55:57.120,09:55:58.171,5,8,1051,1465,1465,0,0,0,0,2,1,1,"6,7"
127,133,09:55:58.171,09:55:58.871,8,10,700,1465,-1954,-3419,0,1,1,1,0,1,9
175,181,09:56:04.821,09:56:05.871,7,10,1050,-1954,-1954,0,1,1,0,2,0,1,"8,9"
217,221,09:56:11.120,09:56:12.170,5,8,1050,1465,1465,0,0,0,0,2,0,1,"6,7"
248,254,09:56:14.971,09:56:16.371,6,10,1400,1465,1465,0,0,0,0,3,0,1,"7,8,9"
254,256,09:56:16.371,09:56:17.070,10,2,699,1465,-1832,-3297,0,1,1,1,-1,1,1
288,292,09:56:21.620,09:56:22.670,5,8,1050,-1832,-1832,0,1,1,0,2,0,1,"6,7"
336,340,09:56:28.620,09:56:29.320,5,7,700,-1832,-1832,0,1,1,0,1,0,1,6
350,352,09:56:30.370,09:56:31.070,10,2,700,1465,-1832,-3297,0,1,1,1,0,1,1
384,388,09:56:35.621,09:56:36.320,5,7,699,-1832,-1832,0,1,1,0,1,-1,1,6
426,428,09:56:41.570,09:56:42.269,2,4,699,1465,-1832,-3297,0,1,1,1,-1,1,3
432,436,09:56:42.620,09:56:43.320,5,7,700,-1832,-1832,0,1,1,0,1,0,1,6
482,486,09:56:49.620,09:56:50.671,5,8,1051,-1832,-1832,0,1,1,0,2,1,1,"6,7"
510,514,09:56:53.119,09:56:54.170,5,8,1051,1465,1465,0,0,0,0,2,1,1,"6,7"
