line,block_start_line,time,time_ms,tdd,rssi,snr,cfo_hz,bcnbits,bcnbits_error
44,44,09:55:45.920,35745920,3,-89,5,1465,0,0
54,54,09:55:46.971,35746971,6,-92,7,1465,0,0
59,59,09:55:47.670,35747670,8,-92,7,-1954,1,0
65,65,09:55:48.021,35748021,9,-96,6,-1954,1,0
67,67,09:55:48.372,35748372,10,-90,8,1465,0,0
69,69,09:55:48.721,35748721,1,-89,5,1465,0,0
71,71,09:55:49.071,35749071,2,-89,12,-1954,1,0
73,73,09:55:49.420,35749420,3,-90,7,-1954,1,0
75,75,09:55:49.771,35749771,4,-92,9,1465,0,0
77,77,09:55:50.121,35750121,5,-93,10,-1954,1,0
79,79,09:55:50.471,35750471,6,-92,8,-1954,1,0
81,81,09:55:50.821,35750821,7,-96,8,-1954,1,0
83,83,09:55:51.171,35751171,8,-89,8,1465,0,0
85,85,09:55:51.521,35751521,9,-89,5,1465,0,0
87,87,09:55:51.871,35751871,10,-89,16,-1954,1,0
89,89,09:55:52.221,35752221,1,-90,7,-1954,1,0
91,91,09:55:52.570,35752570,2,-93,8,1465,0,0
93,93,09:55:52.921,35752921,3,-94,12,-1954,1,0
95,95,09:55:53.270,35753270,4,-92,9,-1954,1,0
97,97,09:55:53.621,35753621,5,-95,7,-1954,1,0
99,99,09:55:53.971,35753971,6,-89,7,1465,0,0
101,101,09:55:54.320,35754320,7,-88,3,1465,0,0
103,103,09:55:54.670,35754670,8,-88,15,-1954,1,0
105,105,09:55:55.021,35755021,9,-91,7,-1954,1,0
107,107,09:55:55.370,35755370,10,-92,8,1465,0,0
109,109,09:55:55.721,35755721,1,-94,9,-1954,1,0
111,111,09:55:56.070,35756070,2,-91,9,-1954,1,0
117,117,09:55:56.421,35756421,3,-95,8,-1954,1,0
119,119,09:55:56.770,35756770,4,-89,8,1465,0,0
123,123,09:55:57.120,35757120,5,-90,5,1465,0,0
127,127,09:55:58.171,35758171,8,-93,8,1465,0,0
133,133,09:55:58.871,35758871,10,-91,9,-1954,1,0
135,135,09:55:59.220,35759220,1,-94,7,-1954,1,0
137,137,09:55:59.570,35759570,2,-89,8,1465,0,0
139,139,09:55:59.921,35759921,3,-89,6,1465,0,0
141,141,09:56:00.270,35760270,4,-89,15,-1954,1,0
143,143,09:56:00.621,35760621,5,-89,7,-1954,1,0
145,145,09:56:00.971,35760971,6,-93,7,1465,0,0
147,147,09:56:01.321,35761321,7,-93,11,-1954,1,0
149,149,09:56:01.671,35761671,8,-91,9,-1954,1,0
155,155,09:56:02.020,35762020,9,-95,7,-1954,1,0
157,157,09:56:02.370,35762370,10,-89,7,1465,0,0
159,159,09:56:02.720,35762720,1,-89,4,1465,0,0
161,161,09:56:03.070,35763070,2,-88,16,-1954,1,0
163,163,09:56:03.420,35763420,3,-91,7,-1954,1,0
165,165,09:56:03.771,35763771,4,-93,9,1465,0,0
169,169,09:56:04.121,35764121,5,-94,10,-1954,1,0
173,173,09:56:04.470,35764470,6,-91,9,-1954,1,0
175,175,09:56:04.821,35764821,7,-94,5,-1954,1,0
181,181,09:56:05.871,35765871,10,-89,15,-1954,1,0
183,183,09:56:06.221,35766221,1,-91,6,-1954,1,0
185,185,09:56:06.571,35766571,2,-92,8,1465,0,0
187,187,09:56:06.921,35766921,3,-94,10,-1832,1,0
189,189,09:56:07.271,35767271,4,-91,8,-1954,1,0
191,191,09:56:07.621,35767621,5,-95,7,-1954,1,0
193,193,09:56:07.970,35767970,6,-89,8,1465,0,0
195,195,09:56:08.321,35768321,7,-89,5,1465,0,0
197,197,09:56:08.670,35768670,8,-88,14,-1954,1,0
199,199,09:56:09.020,35769020,9,-90,8,-1832,1,0
201,201,09:56:09.370,35769370,10,-92,8,1465,0,0
203,203,09:56:09.721,35769721,1,-94,12,-1954,1,0
209,209,09:56:10.070,35770070,2,-91,8,-1954,1,0
211,211,09:56:10.420,35770420,3,-95,7,-1832,1,0
213,213,09:56:10.770,35770770,4,-90,8,1465,0,0
217,217,09:56:11.120,35771120,5,-90,5,1465,0,0
221,221,09:56:12.170,35772170,8,-91,9,1465,0,0
227,227,09:56:12.521,35772521,9,-93,11,-1832,1,0
229,229,09:56:12.870,35772870,10,-91,9,-1832,1,0
231,231,09:56:13.220,35773220,1,-95,8,-1954,1,0
233,233,09:56:13.570,35773570,2,-89,7,1465,0,0
235,235,09:56:13.920,35773920,3,-90,4,1465,0,0
237,237,09:56:14.270,35774270,4,-89,13,-1832,1,0
243,243,09:56:14.620,35774620,5,-90,8,-1832,1,0
248,248,09:56:14.971,35774971,6,-92,10,1465,0,0
254,254,09:56:16.371,35776371,10,-90,7,1465,0,0
256,256,09:56:17.070,35777070,2,-89,14,-1832,1,0
258,258,09:56:17.420,35777420,3,-91,6,-1832,1,0
260,260,09:56:17.770,35777770,4,-91,11,1465,0,0
262,262,09:56:18.120,35778120,5,-94,12,-1832,1,0
264,264,09:56:18.471,35778471,6,-92,9,-1832,1,0
266,266,09:56:18.820,35778820,7,-95,7,-1832,1,0
272,272,09:56:19.170,35779170,8,-90,7,1465,0,0
274,274,09:56:19.520,35779520,9,-90,6,1465,0,0
276,276,09:56:19.870,35779870,10,-88,14,-1832,1,0
278,278,09:56:20.220,35780220,1,-90,8,-1832,1,0
280,280,09:56:20.569,35780569,2,-92,9,1465,0,0
282,282,09:56:20.921,35780921,3,-94,10,-1832,1,0
284,284,09:56:21.270,35781270,4,-92,9,-1832,1,0
288,288,09:56:21.620,35781620,5,-94,6,-1832,1,0
292,292,09:56:22.670,35782670,8,-89,14,-1832,1,0
294,294,09:56:23.020,35783020,9,-90,5,-1832,1,0
300,300,09:56:23.371,35783371,10,-91,8,1465,0,0
302,302,09:56:23.720,35783720,1,-94,11,-1832,1,0
304,304,09:56:24.070,35784070,2,-92,10,-1832,1,0
306,306,09:56:24.420,35784420,3,-95,9,-1832,1,0
308,308,09:56:24.771,35784771,4,-89,6,1465,0,0
310,310,09:56:25.120,35785120,5,-90,5,1465,0,0
312,312,09:56:25.470,35785470,6,-88,12,-1832,1,0
314,314,09:56:25.819,35785819,7,-90,6,-1832,1,0
320,320,09:56:26.170,35786170,8,-92,10,1465,0,0
322,322,09:56:26.519,35786519,9,-95,11,-1832,1,0
324,324,09:56:26.870,35786870,10,-93,7,-1832,1,0
326,326,09:56:27.220,35787220,1,-94,8,-1832,1,0
328,328,09:56:27.570,35787570,2,-90,6,1465,0,0
330,330,09:56:27.920,35787920,3,-90,5,1465,0,0
332,332,09:56:28.270,35788270,4,-88,14,-1832,1,0
336,336,09:56:28.620,35788620,5,-91,7,-1832,1,0
340,340,09:56:29.320,35789320,7,-94,10,-1832,1,0
342,342,09:56:29.670,35789670,8,-93,10,-1832,1,0
344,344,09:56:30.020,35790020,9,-94,5,-1832,1,0
350,350,09:56:30.370,35790370,10,-89,7,1465,0,0
352,352,09:56:31.070,35791070,2,-89,13,-1832,1,0
354,354,09:56:31.420,35791420,3,-91,6,-1832,1,0
356,356,09:56:31.770,35791770,4,-91,10,1465,0,0
358,358,09:56:32.120,35792120,5,-94,9,-1832,1,0
360,360,09:56:32.469,35792469,6,-91,6,-1832,1,0
366,366,09:56:32.820,35792820,7,-95,11,-1832,1,0
368,368,09:56:33.170,35793170,8,-90,9,1465,0,0
370,370,09:56:33.519,35793519,9,-89,4,1465,0,0
372,372,09:56:33.870,35793870,10,-89,12,-1832,1,0
374,374,09:56:34.220,35794220,1,-90,7,-1832,1,0
376,376,09:56:34.570,35794570,2,-92,7,1465,0,0
378,378,09:56:34.921,35794921,3,-94,11,-1832,1,0
380,380,09:56:35.271,35795271,4,-92,11,-1832,1,0
384,384,09:56:35.621,35795621,5,-94,6,-1832,1,0
388,388,09:56:36.320,35796320,7,-89,4,-1832,1,0
390,390,09:56:36.670,35796670,8,-89,11,-1832,1,0
392,392,09:56:37.019,35797019,9,-91,8,-1832,1,0
398,398,09:56:37.370,35797370,10,-92,9,1465,0,0
400,400,09:56:37.719,35797719,1,-94,11,-1832,1,0
402,402,09:56:38.070,35798070,2,-92,8,-1832,1,0
404,404,09:56:38.420,35798420,3,-94,8,-1832,1,0
406,406,09:56:38.770,35798770,4,-90,9,1465,0,0
408,408,09:56:39.120,35799120,5,-89,4,-1832,1,0
410,410,09:56:39.470,35799470,6,-88,11,-1832,1,0
412,412,09:56:39.820,35799820,7,-90,6,-1832,1,0
414,414,09:56:40.169,35800169,8,-92,8,1465,0,0
416,416,09:56:40.522,35800522,9,-95,12,-1832,1,0
422,422,09:56:40.870,35800870,10,-92,7,-1832,1,0
424,424,09:56:41.219,35801219,1,-94,9,-1832,1,0
426,426,09:56:41.570,35801570,2,-90,8,1465,0,0
428,428,09:56:42.269,35802269,4,-89,11,-1832,1,0
432,432,09:56:42.620,35802620,5,-90,7,-1832,1,0
436,436,09:56:43.320,35803320,7,-94,11,-1832,1,0
438,438,09:56:43.670,35803670,8,-92,7,-1832,1,0
440,440,09:56:44.020,35804020,9,-95,9,-1832,1,0
446,446,09:56:44.370,35804370,10,-89,10,1465,0,0
448,448,09:56:44.720,35804720,1,-90,4,1465,0,0
450,450,09:56:45.070,35805070,2,-89,12,-1832,1,0
452,452,09:56:45.419,35805419,3,-91,7,-1832,1,0
454,454,09:56:45.769,35805769,4,-92,10,1465,0,0
456,456,09:56:46.120,35806120,5,-94,11,-1832,1,0
458,458,09:56:46.470,35806470,6,-92,5,-1832,1,0
464,464,09:56:46.819,35806819,7,-95,8,-1832,1,0
466,466,09:56:47.174,35807174,8,-89,9,1465,0,0
468,468,09:56:47.519,35807519,9,-90,3,1465,0,0
470,470,09:56:47.871,35807871,10,-89,11,-1832,1,0
472,472,09:56:48.219,35808219,1,-91,8,-1832,1,0
474,474,09:56:48.570,35808570,2,-92,10,1465,0,0
476,476,09:56:48.919,35808919,3,-94,10,-1832,1,0
478,478,09:56:49.270,35809270,4,-92,6,-1832,1,0
482,482,09:56:49.620,35809620,5,-94,7,-1832,1,0
486,486,09:56:50.671,35810671,8,-89,11,-1832,1,0
488,488,09:56:51.022,35811022,9,-90,7,-1832,1,0
494,494,09:56:51.369,35811369,10,-92,8,1465,0,0
496,496,09:56:51.721,35811721,1,-94,12,-1832,1,0
498,498,09:56:52.071,35812071,2,-91,8,-1832,1,0
500,500,09:56:52.421,35812421,3,-94,6,-1832,1,0
502,502,09:56:52.770,35812770,4,-90,8,1465,0,0
510,510,09:56:53.119,35813119,5,-90,3,1465,0,0
514,514,09:56:54.170,35814170,8,-91,10,1465,0,0
520,520,09:56:54.520,35814520,9,-94,11,-1832,1,0
522,522,09:56:54.869,35814869,10,-92,8,-1832,1,0
524,524,09:56:55.220,35815220,1,-95,7,-1832,1,0
526,526,09:56:55.570,35815570,2,-89,10,1465,0,0
528,528,09:56:55.919,35815919,3,-90,5,1465,0,0
530,530,09:56:56.270,35816270,4,-89,10,-1832,1,0
532,532,09:56:56.620,35816620,5,-90,8,-1832,1,0
