previous_line,line,previous_time,time,previous_tdd,tdd,delta_ms,previous_cfo_hz,cfo_hz,cfo_delta_hz,previous_bcnbits,bcnbits,bcnbits_changed,missing_records_estimate,period_residual_ms,joined_window
44,54,09:55:45.920,09:55:46.971,3,6,1051,1465,1465,0,0,0,0,2,1,0
54,59,09:55:46.971,09:55:47.670,6,8,699,1465,-1954,-3419,0,1,1,1,-1,0
59,65,09:55:47.670,09:55:48.021,8,9,351,-1954,-1954,0,1,1,0,0,1,1
65,67,09:55:48.021,09:55:48.372,9,10,351,-1954,1465,3419,1,0,1,0,1,1
67,69,09:55:48.372,09:55:48.721,10,1,349,1465,1465,0,0,0,0,0,-1,1
69,71,09:55:48.721,09:55:49.071,1,2,350,1465,-1954,-3419,0,1,1,0,0,1
71,73,09:55:49.071,09:55:49.420,2,3,349,-1954,-1954,0,1,1,0,0,-1,1
73,75,09:55:49.420,09:55:49.771,3,4,351,-1954,1465,3419,1,0,1,0,1,1
75,77,09:55:49.771,09:55:50.121,4,5,350,1465,-1954,-3419,0,1,1,0,0,1
77,79,09:55:50.121,09:55:50.471,5,6,350,-1954,-1954,0,1,1,0,0,0,1
79,81,09:55:50.471,09:55:50.821,6,7,350,-1954,-1954,0,1,1,0,0,0,1
81,83,09:55:50.821,09:55:51.171,7,8,350,-1954,1465,3419,1,0,1,0,0,1
83,85,09:55:51.171,09:55:51.521,8,9,350,1465,1465,0,0,0,0,0,0,1
85,87,09:55:51.521,09:55:51.871,9,10,350,1465,-1954,-3419,0,1,1,0,0,1
87,89,09:55:51.871,09:55:52.221,10,1,350,-1954,-1954,0,1,1,0,0,0,1
89,91,09:55:52.221,09:55:52.570,1,2,349,-1954,1465,3419,1,0,1,0,-1,1
91,93,09:55:52.570,09:55:52.921,2,3,351,1465,-1954,-3419,0,1,1,0,1,1
93,95,09:55:52.921,09:55:53.270,3,4,349,-1954,-1954,0,1,1,0,0,-1,1
95,97,09:55:53.270,09:55:53.621,4,5,351,-1954,-1954,0,1,1,0,0,1,1
97,99,09:55:53.621,09:55:53.971,5,6,350,-1954,1465,3419,1,0,1,0,0,1
99,101,09:55:53.971,09:55:54.320,6,7,349,1465,1465,0,0,0,0,0,-1,1
101,103,09:55:54.320,09:55:54.670,7,8,350,1465,-1954,-3419,0,1,1,0,0,1
103,105,09:55:54.670,09:55:55.021,8,9,351,-1954,-1954,0,1,1,0,0,1,1
105,107,09:55:55.021,09:55:55.370,9,10,349,-1954,1465,3419,1,0,1,0,-1,1
107,109,09:55:55.370,09:55:55.721,10,1,351,1465,-1954,-3419,0,1,1,0,1,1
109,111,09:55:55.721,09:55:56.070,1,2,349,-1954,-1954,0,1,1,0,0,-1,1
111,117,09:55:56.070,09:55:56.421,2,3,351,-1954,-1954,0,1,1,0,0,1,1
117,119,09:55:56.421,09:55:56.770,3,4,349,-1954,1465,3419,1,0,1,0,-1,1
119,123,09:55:56.770,09:55:57.120,4,5,350,1465,1465,0,0,0,0,0,0,1
123,127,09:55:57.120,09:55:58.171,5,8,1051,1465,1465,0,0,0,0,2,1,1
127,133,09:55:58.171,09:55:58.871,8,10,700,1465,-1954,-3419,0,1,1,1,0,1
133,135,09:55:58.871,09:55:59.220,10,1,349,-1954,-1954,0,1,1,0,0,-1,1
135,137,09:55:59.220,09:55:59.570,1,2,350,-1954,1465,3419,1,0,1,0,0,1
137,139,09:55:59.570,09:55:59.921,2,3,351,1465,1465,0,0,0,0,0,1,1
139,141,09:55:59.921,09:56:00.270,3,4,349,1465,-1954,-3419,0,1,1,0,-1,1
141,143,09:56:00.270,09:56:00.621,4,5,351,-1954,-1954,0,1,1,0,0,1,1
143,145,09:56:00.621,09:56:00.971,5,6,350,-1954,1465,3419,1,0,1,0,0,1
145,147,09:56:00.971,09:56:01.321,6,7,350,1465,-1954,-3419,0,1,1,0,0,1
147,149,09:56:01.321,09:56:01.671,7,8,350,-1954,-1954,0,1,1,0,0,0,1
149,155,09:56:01.671,09:56:02.020,8,9,349,-1954,-1954,0,1,1,0,0,-1,1
155,157,09:56:02.020,09:56:02.370,9,10,350,-1954,1465,3419,1,0,1,0,0,1
157,159,09:56:02.370,09:56:02.720,10,1,350,1465,1465,0,0,0,0,0,0,1
159,161,09:56:02.720,09:56:03.070,1,2,350,1465,-1954,-3419,0,1,1,0,0,1
161,163,09:56:03.070,09:56:03.420,2,3,350,-1954,-1954,0,1,1,0,0,0,1
163,165,09:56:03.420,09:56:03.771,3,4,351,-1954,1465,3419,1,0,1,0,1,1
165,169,09:56:03.771,09:56:04.121,4,5,350,1465,-1954,-3419,0,1,1,0,0,1
169,173,09:56:04.121,09:56:04.470,5,6,349,-1954,-1954,0,1,1,0,0,-1,1
173,175,09:56:04.470,09:56:04.821,6,7,351,-1954,-1954,0,1,1,0,0,1,1
175,181,09:56:04.821,09:56:05.871,7,10,1050,-1954,-1954,0,1,1,0,2,0,1
181,183,09:56:05.871,09:56:06.221,10,1,350,-1954,-1954,0,1,1,0,0,0,1
183,185,09:56:06.221,09:56:06.571,1,2,350,-1954,1465,3419,1,0,1,0,0,1
185,187,09:56:06.571,09:56:06.921,2,3,350,1465,-1832,-3297,0,1,1,0,0,1
187,189,09:56:06.921,09:56:07.271,3,4,350,-1832,-1954,-122,1,1,0,0,0,1
189,191,09:56:07.271,09:56:07.621,4,5,350,-1954,-1954,0,1,1,0,0,0,1
191,193,09:56:07.621,09:56:07.970,5,6,349,-1954,1465,3419,1,0,1,0,-1,1
193,195,09:56:07.970,09:56:08.321,6,7,351,1465,1465,0,0,0,0,0,1,1
195,197,09:56:08.321,09:56:08.670,7,8,349,1465,-1954,-3419,0,1,1,0,-1,1
197,199,09:56:08.670,09:56:09.020,8,9,350,-1954,-1832,122,1,1,0,0,0,1
199,201,09:56:09.020,09:56:09.370,9,10,350,-1832,1465,3297,1,0,1,0,0,1
201,203,09:56:09.370,09:56:09.721,10,1,351,1465,-1954,-3419,0,1,1,0,1,1
203,209,09:56:09.721,09:56:10.070,1,2,349,-1954,-1954,0,1,1,0,0,-1,1
209,211,09:56:10.070,09:56:10.420,2,3,350,-1954,-1832,122,1,1,0,0,0,1
211,213,09:56:10.420,09:56:10.770,3,4,350,-1832,1465,3297,1,0,1,0,0,1
213,217,09:56:10.770,09:56:11.120,4,5,350,1465,1465,0,0,0,0,0,0,1
217,221,09:56:11.120,09:56:12.170,5,8,1050,1465,1465,0,0,0,0,2,0,1
221,227,09:56:12.170,09:56:12.521,8,9,351,1465,-1832,-3297,0,1,1,0,1,1
227,229,09:56:12.521,09:56:12.870,9,10,349,-1832,-1832,0,1,1,0,0,-1,1
229,231,09:56:12.870,09:56:13.220,10,1,350,-1832,-1954,-122,1,1,0,0,0,1
231,233,09:56:13.220,09:56:13.570,1,2,350,-1954,1465,3419,1,0,1,0,0,1
233,235,09:56:13.570,09:56:13.920,2,3,350,1465,1465,0,0,0,0,0,0,1
235,237,09:56:13.920,09:56:14.270,3,4,350,1465,-1832,-3297,0,1,1,0,0,1
237,243,09:56:14.270,09:56:14.620,4,5,350,-1832,-1832,0,1,1,0,0,0,1
243,248,09:56:14.620,09:56:14.971,5,6,351,-1832,1465,3297,1,0,1,0,1,1
248,254,09:56:14.971,09:56:16.371,6,10,1400,1465,1465,0,0,0,0,3,0,1
254,256,09:56:16.371,09:56:17.070,10,2,699,1465,-1832,-3297,0,1,1,1,-1,1
256,258,09:56:17.070,09:56:17.420,2,3,350,-1832,-1832,0,1,1,0,0,0,1
258,260,09:56:17.420,09:56:17.770,3,4,350,-1832,1465,3297,1,0,1,0,0,1
260,262,09:56:17.770,09:56:18.120,4,5,350,1465,-1832,-3297,0,1,1,0,0,1
262,264,09:56:18.120,09:56:18.471,5,6,351,-1832,-1832,0,1,1,0,0,1,1
264,266,09:56:18.471,09:56:18.820,6,7,349,-1832,-1832,0,1,1,0,0,-1,1
266,272,09:56:18.820,09:56:19.170,7,8,350,-1832,1465,3297,1,0,1,0,0,1
272,274,09:56:19.170,09:56:19.520,8,9,350,1465,1465,0,0,0,0,0,0,1
274,276,09:56:19.520,09:56:19.870,9,10,350,1465,-1832,-3297,0,1,1,0,0,1
276,278,09:56:19.870,09:56:20.220,10,1,350,-1832,-1832,0,1,1,0,0,0,1
278,280,09:56:20.220,09:56:20.569,1,2,349,-1832,1465,3297,1,0,1,0,-1,1
280,282,09:56:20.569,09:56:20.921,2,3,352,1465,-1832,-3297,0,1,1,0,2,1
282,284,09:56:20.921,09:56:21.270,3,4,349,-1832,-1832,0,1,1,0,0,-1,1
284,288,09:56:21.270,09:56:21.620,4,5,350,-1832,-1832,0,1,1,0,0,0,1
288,292,09:56:21.620,09:56:22.670,5,8,1050,-1832,-1832,0,1,1,0,2,0,1
292,294,09:56:22.670,09:56:23.020,8,9,350,-1832,-1832,0,1,1,0,0,0,1
294,300,09:56:23.020,09:56:23.371,9,10,351,-1832,1465,3297,1,0,1,0,1,1
300,302,09:56:23.371,09:56:23.720,10,1,349,1465,-1832,-3297,0,1,1,0,-1,1
302,304,09:56:23.720,09:56:24.070,1,2,350,-1832,-1832,0,1,1,0,0,0,1
304,306,09:56:24.070,09:56:24.420,2,3,350,-1832,-1832,0,1,1,0,0,0,1
306,308,09:56:24.420,09:56:24.771,3,4,351,-1832,1465,3297,1,0,1,0,1,1
308,310,09:56:24.771,09:56:25.120,4,5,349,1465,1465,0,0,0,0,0,-1,1
310,312,09:56:25.120,09:56:25.470,5,6,350,1465,-1832,-3297,0,1,1,0,0,1
312,314,09:56:25.470,09:56:25.819,6,7,349,-1832,-1832,0,1,1,0,0,-1,1
314,320,09:56:25.819,09:56:26.170,7,8,351,-1832,1465,3297,1,0,1,0,1,1
320,322,09:56:26.170,09:56:26.519,8,9,349,1465,-1832,-3297,0,1,1,0,-1,1
322,324,09:56:26.519,09:56:26.870,9,10,351,-1832,-1832,0,1,1,0,0,1,1
324,326,09:56:26.870,09:56:27.220,10,1,350,-1832,-1832,0,1,1,0,0,0,1
326,328,09:56:27.220,09:56:27.570,1,2,350,-1832,1465,3297,1,0,1,0,0,1
328,330,09:56:27.570,09:56:27.920,2,3,350,1465,1465,0,0,0,0,0,0,1
330,332,09:56:27.920,09:56:28.270,3,4,350,1465,-1832,-3297,0,1,1,0,0,1
332,336,09:56:28.270,09:56:28.620,4,5,350,-1832,-1832,0,1,1,0,0,0,1
336,340,09:56:28.620,09:56:29.320,5,7,700,-1832,-1832,0,1,1,0,1,0,1
340,342,09:56:29.320,09:56:29.670,7,8,350,-1832,-1832,0,1,1,0,0,0,1
342,344,09:56:29.670,09:56:30.020,8,9,350,-1832,-1832,0,1,1,0,0,0,1
344,350,09:56:30.020,09:56:30.370,9,10,350,-1832,1465,3297,1,0,1,0,0,1
350,352,09:56:30.370,09:56:31.070,10,2,700,1465,-1832,-3297,0,1,1,1,0,1
352,354,09:56:31.070,09:56:31.420,2,3,350,-1832,-1832,0,1,1,0,0,0,1
354,356,09:56:31.420,09:56:31.770,3,4,350,-1832,1465,3297,1,0,1,0,0,1
356,358,09:56:31.770,09:56:32.120,4,5,350,1465,-1832,-3297,0,1,1,0,0,1
358,360,09:56:32.120,09:56:32.469,5,6,349,-1832,-1832,0,1,1,0,0,-1,1
360,366,09:56:32.469,09:56:32.820,6,7,351,-1832,-1832,0,1,1,0,0,1,1
366,368,09:56:32.820,09:56:33.170,7,8,350,-1832,1465,3297,1,0,1,0,0,1
368,370,09:56:33.170,09:56:33.519,8,9,349,1465,1465,0,0,0,0,0,-1,1
370,372,09:56:33.519,09:56:33.870,9,10,351,1465,-1832,-3297,0,1,1,0,1,1
372,374,09:56:33.870,09:56:34.220,10,1,350,-1832,-1832,0,1,1,0,0,0,1
374,376,09:56:34.220,09:56:34.570,1,2,350,-1832,1465,3297,1,0,1,0,0,1
376,378,09:56:34.570,09:56:34.921,2,3,351,1465,-1832,-3297,0,1,1,0,1,1
378,380,09:56:34.921,09:56:35.271,3,4,350,-1832,-1832,0,1,1,0,0,0,1
380,384,09:56:35.271,09:56:35.621,4,5,350,-1832,-1832,0,1,1,0,0,0,1
384,388,09:56:35.621,09:56:36.320,5,7,699,-1832,-1832,0,1,1,0,1,-1,1
388,390,09:56:36.320,09:56:36.670,7,8,350,-1832,-1832,0,1,1,0,0,0,1
390,392,09:56:36.670,09:56:37.019,8,9,349,-1832,-1832,0,1,1,0,0,-1,1
392,398,09:56:37.019,09:56:37.370,9,10,351,-1832,1465,3297,1,0,1,0,1,1
398,400,09:56:37.370,09:56:37.719,10,1,349,1465,-1832,-3297,0,1,1,0,-1,1
400,402,09:56:37.719,09:56:38.070,1,2,351,-1832,-1832,0,1,1,0,0,1,1
402,404,09:56:38.070,09:56:38.420,2,3,350,-1832,-1832,0,1,1,0,0,0,1
404,406,09:56:38.420,09:56:38.770,3,4,350,-1832,1465,3297,1,0,1,0,0,1
406,408,09:56:38.770,09:56:39.120,4,5,350,1465,-1832,-3297,0,1,1,0,0,1
408,410,09:56:39.120,09:56:39.470,5,6,350,-1832,-1832,0,1,1,0,0,0,1
410,412,09:56:39.470,09:56:39.820,6,7,350,-1832,-1832,0,1,1,0,0,0,1
412,414,09:56:39.820,09:56:40.169,7,8,349,-1832,1465,3297,1,0,1,0,-1,1
414,416,09:56:40.169,09:56:40.522,8,9,353,1465,-1832,-3297,0,1,1,0,3,1
416,422,09:56:40.522,09:56:40.870,9,10,348,-1832,-1832,0,1,1,0,0,-2,1
422,424,09:56:40.870,09:56:41.219,10,1,349,-1832,-1832,0,1,1,0,0,-1,1
424,426,09:56:41.219,09:56:41.570,1,2,351,-1832,1465,3297,1,0,1,0,1,1
426,428,09:56:41.570,09:56:42.269,2,4,699,1465,-1832,-3297,0,1,1,1,-1,1
428,432,09:56:42.269,09:56:42.620,4,5,351,-1832,-1832,0,1,1,0,0,1,1
432,436,09:56:42.620,09:56:43.320,5,7,700,-1832,-1832,0,1,1,0,1,0,1
436,438,09:56:43.320,09:56:43.670,7,8,350,-1832,-1832,0,1,1,0,0,0,1
438,440,09:56:43.670,09:56:44.020,8,9,350,-1832,-1832,0,1,1,0,0,0,1
440,446,09:56:44.020,09:56:44.370,9,10,350,-1832,1465,3297,1,0,1,0,0,1
446,448,09:56:44.370,09:56:44.720,10,1,350,1465,1465,0,0,0,0,0,0,1
448,450,09:56:44.720,09:56:45.070,1,2,350,1465,-1832,-3297,0,1,1,0,0,1
450,452,09:56:45.070,09:56:45.419,2,3,349,-1832,-1832,0,1,1,0,0,-1,1
452,454,09:56:45.419,09:56:45.769,3,4,350,-1832,1465,3297,1,0,1,0,0,1
454,456,09:56:45.769,09:56:46.120,4,5,351,1465,-1832,-3297,0,1,1,0,1,1
456,458,09:56:46.120,09:56:46.470,5,6,350,-1832,-1832,0,1,1,0,0,0,1
458,464,09:56:46.470,09:56:46.819,6,7,349,-1832,-1832,0,1,1,0,0,-1,1
464,466,09:56:46.819,09:56:47.174,7,8,355,-1832,1465,3297,1,0,1,0,5,1
466,468,09:56:47.174,09:56:47.519,8,9,345,1465,1465,0,0,0,0,0,-5,1
468,470,09:56:47.519,09:56:47.871,9,10,352,1465,-1832,-3297,0,1,1,0,2,1
470,472,09:56:47.871,09:56:48.219,10,1,348,-1832,-1832,0,1,1,0,0,-2,1
472,474,09:56:48.219,09:56:48.570,1,2,351,-1832,1465,3297,1,0,1,0,1,1
474,476,09:56:48.570,09:56:48.919,2,3,349,1465,-1832,-3297,0,1,1,0,-1,1
476,478,09:56:48.919,09:56:49.270,3,4,351,-1832,-1832,0,1,1,0,0,1,1
478,482,09:56:49.270,09:56:49.620,4,5,350,-1832,-1832,0,1,1,0,0,0,1
482,486,09:56:49.620,09:56:50.671,5,8,1051,-1832,-1832,0,1,1,0,2,1,1
486,488,09:56:50.671,09:56:51.022,8,9,351,-1832,-1832,0,1,1,0,0,1,1
488,494,09:56:51.022,09:56:51.369,9,10,347,-1832,1465,3297,1,0,1,0,-3,1
494,496,09:56:51.369,09:56:51.721,10,1,352,1465,-1832,-3297,0,1,1,0,2,1
496,498,09:56:51.721,09:56:52.071,1,2,350,-1832,-1832,0,1,1,0,0,0,1
498,500,09:56:52.071,09:56:52.421,2,3,350,-1832,-1832,0,1,1,0,0,0,1
500,502,09:56:52.421,09:56:52.770,3,4,349,-1832,1465,3297,1,0,1,0,-1,1
502,510,09:56:52.770,09:56:53.119,4,5,349,1465,1465,0,0,0,0,0,-1,1
510,514,09:56:53.119,09:56:54.170,5,8,1051,1465,1465,0,0,0,0,2,1,1
514,520,09:56:54.170,09:56:54.520,8,9,350,1465,-1832,-3297,0,1,1,0,0,1
520,522,09:56:54.520,09:56:54.869,9,10,349,-1832,-1832,0,1,1,0,0,-1,1
522,524,09:56:54.869,09:56:55.220,10,1,351,-1832,-1832,0,1,1,0,0,1,1
524,526,09:56:55.220,09:56:55.570,1,2,350,-1832,1465,3297,1,0,1,0,0,1
526,528,09:56:55.570,09:56:55.919,2,3,349,1465,1465,0,0,0,0,0,-1,1
528,530,09:56:55.919,09:56:56.270,3,4,351,1465,-1832,-3297,0,1,1,0,1,1
530,532,09:56:56.270,09:56:56.620,4,5,350,-1832,-1832,0,1,1,0,0,0,1
